GSM	Title	cell_line	Comparison	Status	Ensembl_ID	Gene	Raw_count	Total_counts	CPM
GSM3752521	HAEC IR- 1	HAEC	HAEC_IR	Control	ENSG00000090339	ICAM1	974	154765749	6.293382135862632
GSM3752521	HAEC IR- 1	HAEC	HAEC_IR	Control	ENSG00000115008	IL1A	62	154765749	0.4006054336996747
GSM3752521	HAEC IR- 1	HAEC	HAEC_IR	Control	ENSG00000147883	CDKN2B	1035	154765749	6.687526191599408
GSM3752521	HAEC IR- 1	HAEC	HAEC_IR	Control	ENSG00000169429	CXCL8	14288	154765749	92.32016833388633
GSM3752521	HAEC IR- 1	HAEC	HAEC_IR	Control	ENSG00000170345	FOS	106	154765749	0.6849060640671858
GSM3752522	HAEC IR- 2	HAEC	HAEC_IR	Control	ENSG00000090339	ICAM1	512	102293388	5.005211089498766
GSM3752522	HAEC IR- 2	HAEC	HAEC_IR	Control	ENSG00000115008	IL1A	41	102293388	0.4008079192762684
GSM3752522	HAEC IR- 2	HAEC	HAEC_IR	Control	ENSG00000147883	CDKN2B	653	102293388	6.383599299692762
GSM3752522	HAEC IR- 2	HAEC	HAEC_IR	Control	ENSG00000169429	CXCL8	9048	102293388	88.45146472223601
GSM3752522	HAEC IR- 2	HAEC	HAEC_IR	Control	ENSG00000170345	FOS	58	102293388	0.5669965687322821
GSM3752523	HAEC IR+ 1	HAEC	HAEC_IR	Senescent	ENSG00000090339	ICAM1	3259	163513226	19.931109425973897
GSM3752523	HAEC IR+ 1	HAEC	HAEC_IR	Senescent	ENSG00000115008	IL1A	24	163513226	0.14677711758925238
GSM3752523	HAEC IR+ 1	HAEC	HAEC_IR	Senescent	ENSG00000147883	CDKN2B	1422	163513226	8.696544217163204
GSM3752523	HAEC IR+ 1	HAEC	HAEC_IR	Senescent	ENSG00000169429	CXCL8	18705	163513226	114.39441602112358
GSM3752523	HAEC IR+ 1	HAEC	HAEC_IR	Senescent	ENSG00000170345	FOS	108	163513226	0.6604970291516358
GSM3752524	HAEC IR+ 2	HAEC	HAEC_IR	Senescent	ENSG00000090339	ICAM1	3389	173167061	19.570696531022143
GSM3752524	HAEC IR+ 2	HAEC	HAEC_IR	Senescent	ENSG00000115008	IL1A	15	173167061	0.08662155443060848
GSM3752524	HAEC IR+ 2	HAEC	HAEC_IR	Senescent	ENSG00000147883	CDKN2B	1346	173167061	7.772840817573267
GSM3752524	HAEC IR+ 2	HAEC	HAEC_IR	Senescent	ENSG00000169429	CXCL8	20398	173167061	117.79376448503679
GSM3752524	HAEC IR+ 2	HAEC	HAEC_IR	Senescent	ENSG00000170345	FOS	76	173167061	0.4388825424484163
GSM3752525	HAEC IR+ 3	HAEC	HAEC_IR	Senescent	ENSG00000090339	ICAM1	4076	195250835	20.875710979673915
GSM3752525	HAEC IR+ 3	HAEC	HAEC_IR	Senescent	ENSG00000115008	IL1A	16	195250835	0.08194587234415668
GSM3752525	HAEC IR+ 3	HAEC	HAEC_IR	Senescent	ENSG00000147883	CDKN2B	1592	195250835	8.153614298243589
GSM3752525	HAEC IR+ 3	HAEC	HAEC_IR	Senescent	ENSG00000169429	CXCL8	22227	195250835	113.83818153709817
GSM3752525	HAEC IR+ 3	HAEC	HAEC_IR	Senescent	ENSG00000170345	FOS	126	195250835	0.6453237447102339
GSM3752526	HUVEC IR- 1	HUVEC	HUVEC_IR	Control	ENSG00000090339	ICAM1	404	181954494	2.220335376822295
GSM3752526	HUVEC IR- 1	HUVEC	HUVEC_IR	Control	ENSG00000115008	IL1A	79	181954494	0.43417449200237945
GSM3752526	HUVEC IR- 1	HUVEC	HUVEC_IR	Control	ENSG00000147883	CDKN2B	971	181954494	5.3364991358773475
GSM3752526	HUVEC IR- 1	HUVEC	HUVEC_IR	Control	ENSG00000169429	CXCL8	6959	181954494	38.24582645372859
GSM3752526	HUVEC IR- 1	HUVEC	HUVEC_IR	Control	ENSG00000170345	FOS	90	181954494	0.4946291681039766
GSM3752527	HUVEC IR- 2	HUVEC	HUVEC_IR	Control	ENSG00000090339	ICAM1	293	162483370	1.8032614660811135
GSM3752527	HUVEC IR- 2	HUVEC	HUVEC_IR	Control	ENSG00000115008	IL1A	41	162483370	0.2523335157314869
GSM3752527	HUVEC IR- 2	HUVEC	HUVEC_IR	Control	ENSG00000147883	CDKN2B	696	162483370	4.283515291441826
GSM3752527	HUVEC IR- 2	HUVEC	HUVEC_IR	Control	ENSG00000169429	CXCL8	6078	162483370	37.40690508819456
GSM3752527	HUVEC IR- 2	HUVEC	HUVEC_IR	Control	ENSG00000170345	FOS	102	162483370	0.6277565513319917
GSM3752528	HUVEC IR- 3	HUVEC	HUVEC_IR	Control	ENSG00000090339	ICAM1	372	175399837	2.1208685615825287
GSM3752528	HUVEC IR- 3	HUVEC	HUVEC_IR	Control	ENSG00000115008	IL1A	87	175399837	0.4960095829507527
GSM3752528	HUVEC IR- 3	HUVEC	HUVEC_IR	Control	ENSG00000147883	CDKN2B	805	175399837	4.589513957187999
GSM3752528	HUVEC IR- 3	HUVEC	HUVEC_IR	Control	ENSG00000169429	CXCL8	7936	175399837	45.245195980427276
GSM3752528	HUVEC IR- 3	HUVEC	HUVEC_IR	Control	ENSG00000170345	FOS	114	175399837	0.6499435914527104
GSM3752529	HUVEC IR+ 1	HUVEC	HUVEC_IR	Senescent	ENSG00000090339	ICAM1	1150	173510786	6.627830041643636
GSM3752529	HUVEC IR+ 1	HUVEC	HUVEC_IR	Senescent	ENSG00000115008	IL1A	46	173510786	0.2651132016657454
GSM3752529	HUVEC IR+ 1	HUVEC	HUVEC_IR	Senescent	ENSG00000147883	CDKN2B	1149	173510786	6.622066711172641
GSM3752529	HUVEC IR+ 1	HUVEC	HUVEC_IR	Senescent	ENSG00000169429	CXCL8	5198	173510786	29.957791788229237
GSM3752529	HUVEC IR+ 1	HUVEC	HUVEC_IR	Senescent	ENSG00000170345	FOS	61	173510786	0.35156315873066246
GSM3752530	HUVEC IR+ 2	HUVEC	HUVEC_IR	Senescent	ENSG00000090339	ICAM1	1148	145285986	7.901656805357675
GSM3752530	HUVEC IR+ 2	HUVEC	HUVEC_IR	Senescent	ENSG00000115008	IL1A	52	145285986	0.3579147681869331
GSM3752530	HUVEC IR+ 2	HUVEC	HUVEC_IR	Senescent	ENSG00000147883	CDKN2B	923	145285986	6.352987135318061
GSM3752530	HUVEC IR+ 2	HUVEC	HUVEC_IR	Senescent	ENSG00000169429	CXCL8	4241	145285986	29.190702536168907
GSM3752530	HUVEC IR+ 2	HUVEC	HUVEC_IR	Senescent	ENSG00000170345	FOS	80	145285986	0.5506381049029738
GSM3752531	HUVEC IR+ 3	HUVEC	HUVEC_IR	Senescent	ENSG00000090339	ICAM1	1095	140357532	7.801505087735512
GSM3752531	HUVEC IR+ 3	HUVEC	HUVEC_IR	Senescent	ENSG00000115008	IL1A	70	140357532	0.4987263526406263
GSM3752531	HUVEC IR+ 3	HUVEC	HUVEC_IR	Senescent	ENSG00000147883	CDKN2B	921	140357532	6.561813868314527
GSM3752531	HUVEC IR+ 3	HUVEC	HUVEC_IR	Senescent	ENSG00000169429	CXCL8	4061	140357532	28.93325311533691
GSM3752531	HUVEC IR+ 3	HUVEC	HUVEC_IR	Senescent	ENSG00000170345	FOS	78	140357532	0.5557236500852694
GSM3752532	IMR-90 PDL15 1	IMR-90	IMR90_IR	Control	ENSG00000090339	ICAM1	1623	140808124	11.526323580591132
GSM3752532	IMR-90 PDL15 1	IMR-90	IMR90_IR	Control	ENSG00000115008	IL1A	359	140808124	2.5495688018682787
GSM3752532	IMR-90 PDL15 1	IMR-90	IMR90_IR	Control	ENSG00000147883	CDKN2B	1266	140808124	8.990958504638552
GSM3752532	IMR-90 PDL15 1	IMR-90	IMR90_IR	Control	ENSG00000169429	CXCL8	22771	140808124	161.7165214132105
GSM3752532	IMR-90 PDL15 1	IMR-90	IMR90_IR	Control	ENSG00000170345	FOS	4696	140808124	33.35034845006528
GSM3752533	IMR-90 PDL15 2	IMR-90	IMR90_IR	Control	ENSG00000090339	ICAM1	1506	139001848	10.83438833129758
GSM3752533	IMR-90 PDL15 2	IMR-90	IMR90_IR	Control	ENSG00000115008	IL1A	342	139001848	2.460398943760805
GSM3752533	IMR-90 PDL15 2	IMR-90	IMR90_IR	Control	ENSG00000147883	CDKN2B	1200	139001848	8.632978750037914
GSM3752533	IMR-90 PDL15 2	IMR-90	IMR90_IR	Control	ENSG00000169429	CXCL8	18942	139001848	136.27156956934846
GSM3752533	IMR-90 PDL15 2	IMR-90	IMR90_IR	Control	ENSG00000170345	FOS	2412	139001848	17.352287287576203
GSM3752534	IMR-90 IR+ 1	IMR-90	IMR90_IR	Senescent	ENSG00000090339	ICAM1	949	202974994	4.6754527801587225
GSM3752534	IMR-90 IR+ 1	IMR-90	IMR90_IR	Senescent	ENSG00000115008	IL1A	24	202974994	0.11824116620000984
GSM3752534	IMR-90 IR+ 1	IMR-90	IMR90_IR	Senescent	ENSG00000147883	CDKN2B	1767	202974994	8.705505861475725
GSM3752534	IMR-90 IR+ 1	IMR-90	IMR90_IR	Senescent	ENSG00000169429	CXCL8	691	202974994	3.4043602435086164
GSM3752534	IMR-90 IR+ 1	IMR-90	IMR90_IR	Senescent	ENSG00000170345	FOS	224	202974994	1.1035842178667585
GSM3752535	IMR-90 IR+ 2	IMR-90	IMR90_IR	Senescent	ENSG00000090339	ICAM1	808	175077682	4.615094230000143
GSM3752535	IMR-90 IR+ 2	IMR-90	IMR90_IR	Senescent	ENSG00000115008	IL1A	25	175077682	0.14279375711634107
GSM3752535	IMR-90 IR+ 2	IMR-90	IMR90_IR	Senescent	ENSG00000147883	CDKN2B	1599	175077682	9.133088705161176
GSM3752535	IMR-90 IR+ 2	IMR-90	IMR90_IR	Senescent	ENSG00000169429	CXCL8	670	175077682	3.8268726907179405
GSM3752535	IMR-90 IR+ 2	IMR-90	IMR90_IR	Senescent	ENSG00000170345	FOS	200	175077682	1.1423500569307286
GSM3752532	IMR-90 PDL15 1	IMR-90	IMR90_Replicative	Control	ENSG00000090339	ICAM1	1623	140808124	11.526323580591132
GSM3752532	IMR-90 PDL15 1	IMR-90	IMR90_Replicative	Control	ENSG00000115008	IL1A	359	140808124	2.5495688018682787
GSM3752532	IMR-90 PDL15 1	IMR-90	IMR90_Replicative	Control	ENSG00000147883	CDKN2B	1266	140808124	8.990958504638552
GSM3752532	IMR-90 PDL15 1	IMR-90	IMR90_Replicative	Control	ENSG00000169429	CXCL8	22771	140808124	161.7165214132105
GSM3752532	IMR-90 PDL15 1	IMR-90	IMR90_Replicative	Control	ENSG00000170345	FOS	4696	140808124	33.35034845006528
GSM3752533	IMR-90 PDL15 2	IMR-90	IMR90_Replicative	Control	ENSG00000090339	ICAM1	1506	139001848	10.83438833129758
GSM3752533	IMR-90 PDL15 2	IMR-90	IMR90_Replicative	Control	ENSG00000115008	IL1A	342	139001848	2.460398943760805
GSM3752533	IMR-90 PDL15 2	IMR-90	IMR90_Replicative	Control	ENSG00000147883	CDKN2B	1200	139001848	8.632978750037914
GSM3752533	IMR-90 PDL15 2	IMR-90	IMR90_Replicative	Control	ENSG00000169429	CXCL8	18942	139001848	136.27156956934846
GSM3752533	IMR-90 PDL15 2	IMR-90	IMR90_Replicative	Control	ENSG00000170345	FOS	2412	139001848	17.352287287576203
GSM3752536	IMR-90 PDL52 1	IMR-90	IMR90_Replicative	Senescent	ENSG00000090339	ICAM1	587	173939343	3.374739664274804
GSM3752536	IMR-90 PDL52 1	IMR-90	IMR90_Replicative	Senescent	ENSG00000115008	IL1A	8	173939343	0.045993044828276715
GSM3752536	IMR-90 PDL52 1	IMR-90	IMR90_Replicative	Senescent	ENSG00000147883	CDKN2B	2308	173939343	13.268993432957833
GSM3752536	IMR-90 PDL52 1	IMR-90	IMR90_Replicative	Senescent	ENSG00000169429	CXCL8	398	173939343	2.2881539802067667
GSM3752536	IMR-90 PDL52 1	IMR-90	IMR90_Replicative	Senescent	ENSG00000170345	FOS	166	173939343	0.9543556801867419
GSM3752537	IMR-90 PDL52 2	IMR-90	IMR90_Replicative	Senescent	ENSG00000090339	ICAM1	557	153904822	3.619119873969901
GSM3752537	IMR-90 PDL52 2	IMR-90	IMR90_Replicative	Senescent	ENSG00000115008	IL1A	23	153904822	0.14944301095387383
GSM3752537	IMR-90 PDL52 2	IMR-90	IMR90_Replicative	Senescent	ENSG00000147883	CDKN2B	2204	153904822	14.320538962710343
GSM3752537	IMR-90 PDL52 2	IMR-90	IMR90_Replicative	Senescent	ENSG00000169429	CXCL8	174	153904822	1.1305688654771324
GSM3752537	IMR-90 PDL52 2	IMR-90	IMR90_Replicative	Senescent	ENSG00000170345	FOS	138	153904822	0.8966580657232429
GSM3752538	WI-38 Dox- 1	WI-38	WI38_Doxorubicin	Control	ENSG00000090339	ICAM1	2404	141476461	16.992226007123545
GSM3752538	WI-38 Dox- 1	WI-38	WI38_Doxorubicin	Control	ENSG00000115008	IL1A	26	141476461	0.18377615481913986
GSM3752538	WI-38 Dox- 1	WI-38	WI38_Doxorubicin	Control	ENSG00000147883	CDKN2B	1074	141476461	7.591368856759853
GSM3752538	WI-38 Dox- 1	WI-38	WI38_Doxorubicin	Control	ENSG00000169429	CXCL8	714	141476461	5.046775943879456
GSM3752538	WI-38 Dox- 1	WI-38	WI38_Doxorubicin	Control	ENSG00000170345	FOS	202	141476461	1.4277993566717788
GSM3752539	WI-38 Dox- 2	WI-38	WI38_Doxorubicin	Control	ENSG00000090339	ICAM1	2730	162915801	16.757122287972546
GSM3752539	WI-38 Dox- 2	WI-38	WI38_Doxorubicin	Control	ENSG00000115008	IL1A	36	162915801	0.22097304116007752
GSM3752539	WI-38 Dox- 2	WI-38	WI38_Doxorubicin	Control	ENSG00000147883	CDKN2B	955	162915801	5.861923730774278
GSM3752539	WI-38 Dox- 2	WI-38	WI38_Doxorubicin	Control	ENSG00000169429	CXCL8	1563	162915801	9.593912870366701
GSM3752539	WI-38 Dox- 2	WI-38	WI38_Doxorubicin	Control	ENSG00000170345	FOS	190	162915801	1.1662466061226313
GSM3752546	WI-38 Dox- 1 Repeat	WI-38	WI38_Doxorubicin	Control	ENSG00000090339	ICAM1	22169	310241652	71.45720072429218
GSM3752546	WI-38 Dox- 1 Repeat	WI-38	WI38_Doxorubicin	Control	ENSG00000115008	IL1A	94	310241652	0.30298961920174405
GSM3752546	WI-38 Dox- 1 Repeat	WI-38	WI38_Doxorubicin	Control	ENSG00000147883	CDKN2B	16122	310241652	51.9659429869204
GSM3752546	WI-38 Dox- 1 Repeat	WI-38	WI38_Doxorubicin	Control	ENSG00000169429	CXCL8	375	310241652	1.2087351829856812
GSM3752546	WI-38 Dox- 1 Repeat	WI-38	WI38_Doxorubicin	Control	ENSG00000170345	FOS	8809	310241652	28.39399527178897
GSM3752547	WI-38 Dox- 2 Repeat	WI-38	WI38_Doxorubicin	Control	ENSG00000090339	ICAM1	25595	339671357	75.35224702505604
GSM3752547	WI-38 Dox- 2 Repeat	WI-38	WI38_Doxorubicin	Control	ENSG00000115008	IL1A	133	339671357	0.39155494644783956
GSM3752547	WI-38 Dox- 2 Repeat	WI-38	WI38_Doxorubicin	Control	ENSG00000147883	CDKN2B	13694	339671357	40.315439373358764
GSM3752547	WI-38 Dox- 2 Repeat	WI-38	WI38_Doxorubicin	Control	ENSG00000169429	CXCL8	408	339671357	1.2011610387272071
GSM3752547	WI-38 Dox- 2 Repeat	WI-38	WI38_Doxorubicin	Control	ENSG00000170345	FOS	3112	339671357	9.161796942448698
GSM3752540	WI-38 Dox+ 1	WI-38	WI38_Doxorubicin	Senescent	ENSG00000090339	ICAM1	7135	142369997	50.11589625867591
GSM3752540	WI-38 Dox+ 1	WI-38	WI38_Doxorubicin	Senescent	ENSG00000115008	IL1A	148	142369997	1.039544869836585
GSM3752540	WI-38 Dox+ 1	WI-38	WI38_Doxorubicin	Senescent	ENSG00000147883	CDKN2B	1677	142369997	11.779167207540223
GSM3752540	WI-38 Dox+ 1	WI-38	WI38_Doxorubicin	Senescent	ENSG00000169429	CXCL8	40663	142369997	285.6149529876017
GSM3752540	WI-38 Dox+ 1	WI-38	WI38_Doxorubicin	Senescent	ENSG00000170345	FOS	148	142369997	1.039544869836585
GSM3752541	WI-38 Dox+ 2	WI-38	WI38_Doxorubicin	Senescent	ENSG00000090339	ICAM1	8858	175530950	50.46403497502862
GSM3752541	WI-38 Dox+ 2	WI-38	WI38_Doxorubicin	Senescent	ENSG00000115008	IL1A	225	175530950	1.281825227972617
GSM3752541	WI-38 Dox+ 2	WI-38	WI38_Doxorubicin	Senescent	ENSG00000147883	CDKN2B	2195	175530950	12.504917223999527
GSM3752541	WI-38 Dox+ 2	WI-38	WI38_Doxorubicin	Senescent	ENSG00000169429	CXCL8	58452	175530950	333.0011032242462
GSM3752541	WI-38 Dox+ 2	WI-38	WI38_Doxorubicin	Senescent	ENSG00000170345	FOS	166	175530950	0.9457021681931307
GSM3752548	WI-38 Dox+ 1 Repeat	WI-38	WI38_Doxorubicin	Senescent	ENSG00000090339	ICAM1	71174	321984151	221.04814718038716
GSM3752548	WI-38 Dox+ 1 Repeat	WI-38	WI38_Doxorubicin	Senescent	ENSG00000115008	IL1A	306	321984151	0.9503573360665196
GSM3752548	WI-38 Dox+ 1 Repeat	WI-38	WI38_Doxorubicin	Senescent	ENSG00000147883	CDKN2B	9624	321984151	29.88966994217054
GSM3752548	WI-38 Dox+ 1 Repeat	WI-38	WI38_Doxorubicin	Senescent	ENSG00000169429	CXCL8	3812	321984151	11.83909204276331
GSM3752548	WI-38 Dox+ 1 Repeat	WI-38	WI38_Doxorubicin	Senescent	ENSG00000170345	FOS	1827	321984151	5.67419233004422
GSM3752549	WI-38 Dox+ 2 Repeat	WI-38	WI38_Doxorubicin	Senescent	ENSG00000090339	ICAM1	28928	346257781	83.54469296388173
GSM3752549	WI-38 Dox+ 2 Repeat	WI-38	WI38_Doxorubicin	Senescent	ENSG00000115008	IL1A	655	346257781	1.8916542412659891
GSM3752549	WI-38 Dox+ 2 Repeat	WI-38	WI38_Doxorubicin	Senescent	ENSG00000147883	CDKN2B	6611	346257781	19.09271173894573
GSM3752549	WI-38 Dox+ 2 Repeat	WI-38	WI38_Doxorubicin	Senescent	ENSG00000169429	CXCL8	3263	346257781	9.423614945421257
GSM3752549	WI-38 Dox+ 2 Repeat	WI-38	WI38_Doxorubicin	Senescent	ENSG00000170345	FOS	21044	346257781	60.77552954687248
GSM3752542	WI-38 EV 1	WI-38	WI38_HRAS	Control	ENSG00000090339	ICAM1	6784	153049881	44.325418325545776
GSM3752542	WI-38 EV 1	WI-38	WI38_HRAS	Control	ENSG00000115008	IL1A	38	153049881	0.24828506727163024
GSM3752542	WI-38 EV 1	WI-38	WI38_HRAS	Control	ENSG00000147883	CDKN2B	1635	153049881	10.68279171023988
GSM3752542	WI-38 EV 1	WI-38	WI38_HRAS	Control	ENSG00000169429	CXCL8	345	153049881	2.254167058124011
GSM3752542	WI-38 EV 1	WI-38	WI38_HRAS	Control	ENSG00000170345	FOS	82	153049881	0.5357730399019389
GSM3752543	WI-38 EV 2	WI-38	WI38_HRAS	Control	ENSG00000090339	ICAM1	6807	139060207	48.95002061948606
GSM3752543	WI-38 EV 2	WI-38	WI38_HRAS	Control	ENSG00000115008	IL1A	25	139060207	0.1797782452603425
GSM3752543	WI-38 EV 2	WI-38	WI38_HRAS	Control	ENSG00000147883	CDKN2B	1051	139060207	7.557877430744799
GSM3752543	WI-38 EV 2	WI-38	WI38_HRAS	Control	ENSG00000169429	CXCL8	268	139060207	1.927222789190872
GSM3752543	WI-38 EV 2	WI-38	WI38_HRAS	Control	ENSG00000170345	FOS	104	139060207	0.7478775002830249
GSM3752544	WI-38 HRAS(G12v) 1	WI-38	WI38_HRAS	Senescent	ENSG00000090339	ICAM1	30736	162605437	189.02196978813197
GSM3752544	WI-38 HRAS(G12v) 1	WI-38	WI38_HRAS	Senescent	ENSG00000115008	IL1A	8540	162605437	52.51976906528654
GSM3752544	WI-38 HRAS(G12v) 1	WI-38	WI38_HRAS	Senescent	ENSG00000147883	CDKN2B	16128	162605437	99.18487534952475
GSM3752544	WI-38 HRAS(G12v) 1	WI-38	WI38_HRAS	Senescent	ENSG00000169429	CXCL8	228863	162605437	1407.4744622469173
GSM3752544	WI-38 HRAS(G12v) 1	WI-38	WI38_HRAS	Senescent	ENSG00000170345	FOS	263	162605437	1.6174120918232273
GSM3752545	WI-38 HRAS(G12v) 2	WI-38	WI38_HRAS	Senescent	ENSG00000090339	ICAM1	30153	135085231	223.21463106503478
GSM3752545	WI-38 HRAS(G12v) 2	WI-38	WI38_HRAS	Senescent	ENSG00000115008	IL1A	4895	135085231	36.236381755160195
GSM3752545	WI-38 HRAS(G12v) 2	WI-38	WI38_HRAS	Senescent	ENSG00000147883	CDKN2B	12161	135085231	90.0246452552611
GSM3752545	WI-38 HRAS(G12v) 2	WI-38	WI38_HRAS	Senescent	ENSG00000169429	CXCL8	120291	135085231	890.4822467231818
GSM3752545	WI-38 HRAS(G12v) 2	WI-38	WI38_HRAS	Senescent	ENSG00000170345	FOS	174	135085231	1.2880756742385848
GSM3752550	WI-38 IR- 1	WI-38	WI38_IR	Control	ENSG00000090339	ICAM1	11916	331185826	35.979800657290205
GSM3752550	WI-38 IR- 1	WI-38	WI38_IR	Control	ENSG00000115008	IL1A	46	331185826	0.1388948330174009
GSM3752550	WI-38 IR- 1	WI-38	WI38_IR	Control	ENSG00000147883	CDKN2B	6757	331185826	20.40244318909952
GSM3752550	WI-38 IR- 1	WI-38	WI38_IR	Control	ENSG00000169429	CXCL8	43	331185826	0.12983647434235304
GSM3752550	WI-38 IR- 1	WI-38	WI38_IR	Control	ENSG00000170345	FOS	300	331185826	0.9058358675047887
GSM3752551	WI-38 IR- 2	WI-38	WI38_IR	Control	ENSG00000090339	ICAM1	11647	278729999	41.78595788679352
GSM3752551	WI-38 IR- 2	WI-38	WI38_IR	Control	ENSG00000115008	IL1A	27	278729999	0.09686793706048125
GSM3752551	WI-38 IR- 2	WI-38	WI38_IR	Control	ENSG00000147883	CDKN2B	5612	278729999	20.134180103089655
GSM3752551	WI-38 IR- 2	WI-38	WI38_IR	Control	ENSG00000169429	CXCL8	8	278729999	0.028701610980883332
GSM3752551	WI-38 IR- 2	WI-38	WI38_IR	Control	ENSG00000170345	FOS	168	278729999	0.60273383059855
GSM3752552	WI-38 IR+ 1	WI-38	WI38_IR	Senescent	ENSG00000090339	ICAM1	49999	278881928	179.28375767683306
GSM3752552	WI-38 IR+ 1	WI-38	WI38_IR	Senescent	ENSG00000115008	IL1A	472	278881928	1.6924725219197423
GSM3752552	WI-38 IR+ 1	WI-38	WI38_IR	Senescent	ENSG00000147883	CDKN2B	7148	278881928	25.63091861585237
GSM3752552	WI-38 IR+ 1	WI-38	WI38_IR	Senescent	ENSG00000169429	CXCL8	1225	278881928	4.392539913880688
GSM3752552	WI-38 IR+ 1	WI-38	WI38_IR	Senescent	ENSG00000170345	FOS	4643	278881928	16.648622710324922
GSM3752553	WI-38 IR+ 2	WI-38	WI38_IR	Senescent	ENSG00000090339	ICAM1	75701	370996204	204.04790988104017
GSM3752553	WI-38 IR+ 2	WI-38	WI38_IR	Senescent	ENSG00000115008	IL1A	499	370996204	1.3450272391466302
GSM3752553	WI-38 IR+ 2	WI-38	WI38_IR	Senescent	ENSG00000147883	CDKN2B	6911	370996204	18.628222945375473
GSM3752553	WI-38 IR+ 2	WI-38	WI38_IR	Senescent	ENSG00000169429	CXCL8	1551	370996204	4.180635767367582
GSM3752553	WI-38 IR+ 2	WI-38	WI38_IR	Senescent	ENSG00000170345	FOS	6777	370996204	18.267033265925274
GSM3752556	WI-38 Proliferating Control 1	WI-38	WI38_Replicative	Control	ENSG00000090339	ICAM1	22885	305742930	74.85046342690573
GSM3752556	WI-38 Proliferating Control 1	WI-38	WI38_Replicative	Control	ENSG00000115008	IL1A	44	305742930	0.14391174965190529
GSM3752556	WI-38 Proliferating Control 1	WI-38	WI38_Replicative	Control	ENSG00000147883	CDKN2B	14114	305742930	46.162964422431614
GSM3752556	WI-38 Proliferating Control 1	WI-38	WI38_Replicative	Control	ENSG00000169429	CXCL8	330	305742930	1.0793381223892895
GSM3752556	WI-38 Proliferating Control 1	WI-38	WI38_Replicative	Control	ENSG00000170345	FOS	1880	305742930	6.148956576035953
GSM3752557	WI-38 Proliferating Control 2	WI-38	WI38_Replicative	Control	ENSG00000090339	ICAM1	14388	205854972	69.89386683358806
GSM3752557	WI-38 Proliferating Control 2	WI-38	WI38_Replicative	Control	ENSG00000115008	IL1A	29	205854972	0.14087587838296176
GSM3752557	WI-38 Proliferating Control 2	WI-38	WI38_Replicative	Control	ENSG00000147883	CDKN2B	10062	205854972	48.879072009977975
GSM3752557	WI-38 Proliferating Control 2	WI-38	WI38_Replicative	Control	ENSG00000169429	CXCL8	268	205854972	1.301887427814957
GSM3752557	WI-38 Proliferating Control 2	WI-38	WI38_Replicative	Control	ENSG00000170345	FOS	1521	205854972	7.388696931740856
GSM3752554	WI-38 Replicative Exhaustion 1	WI-38	WI38_Replicative	Senescent	ENSG00000090339	ICAM1	14364	286955697	50.056507503316794
GSM3752554	WI-38 Replicative Exhaustion 1	WI-38	WI38_Replicative	Senescent	ENSG00000115008	IL1A	68	286955697	0.23697037804410623
GSM3752554	WI-38 Replicative Exhaustion 1	WI-38	WI38_Replicative	Senescent	ENSG00000147883	CDKN2B	10720	286955697	37.35768312695322
GSM3752554	WI-38 Replicative Exhaustion 1	WI-38	WI38_Replicative	Senescent	ENSG00000169429	CXCL8	290	286955697	1.0106089651881
GSM3752554	WI-38 Replicative Exhaustion 1	WI-38	WI38_Replicative	Senescent	ENSG00000170345	FOS	3087	286955697	10.757758191502294
GSM3752555	WI-38 Replicative Exhaustion 2	WI-38	WI38_Replicative	Senescent	ENSG00000090339	ICAM1	12686	322483830	39.33840651793301
GSM3752555	WI-38 Replicative Exhaustion 2	WI-38	WI38_Replicative	Senescent	ENSG00000115008	IL1A	28	322483830	0.08682605884456283
GSM3752555	WI-38 Replicative Exhaustion 2	WI-38	WI38_Replicative	Senescent	ENSG00000147883	CDKN2B	7087	322483830	21.976295679693457
GSM3752555	WI-38 Replicative Exhaustion 2	WI-38	WI38_Replicative	Senescent	ENSG00000169429	CXCL8	46	322483830	0.14264281095892467
GSM3752555	WI-38 Replicative Exhaustion 2	WI-38	WI38_Replicative	Senescent	ENSG00000170345	FOS	5695	322483830	17.659800182849477
