GeneID	padj	pvalue	lfcSE	stat	log2FoldChange	baseMean	Symbol	Description
7433	3.44e-09	5.96e-10	1.2362	-6.191389	-7.653836	17.69	VIPR1	vasoactive intestinal peptide receptor 1
64084	3.39e-113	2.85e-115	0.3176	-22.820834	-7.2474854	4750.04	CLSTN2	calsyntenin 2
6356	7.35e-08	1.44e-08	1.2271	-5.668526	-6.9557666	21.35	CCL11	C-C motif chemokine ligand 11
5266	1.2e-06	2.68e-07	1.2804	-5.14459	-6.5869577	8.4	PI3	peptidase inhibitor 3
3	3e-06	7.01e-07	1.2918	-4.961103	-6.4089669	7.4	A2MP1	alpha-2-macroglobulin pseudogene 1
26298	1.79e-19	1.57e-20	0.6792	-9.288009	-6.3088701	62.62	EHF	ETS homologous factor
10840	4.11e-08	7.86e-09	1.072	-5.771407	-6.1868763	22.99	ALDH1L1	aldehyde dehydrogenase 1 family member L1
718	4.3e-146	2.07e-148	0.236	-25.944934	-6.1219456	9231.77	C3	complement C3
6352	8.2e-06	2.02e-06	1.2575	-4.751681	-5.9750298	10.83	CCL5	C-C motif chemokine ligand 5
102724068	1.74e-07	3.55e-08	1.0765	-5.511739	-5.9331143	19.24	LOC102724068	uncharacterized LOC102724068
9076	0.0	0.0	0.1421	-40.034142	-5.6870993	999.34	CLDN1	claudin 1
107986170	1.42e-08	2.6e-09	0.9014	-5.955001	-5.367734	19.74	LOC107986170	replaced by ID 10686
5803	2.22e-08	4.14e-09	0.8998	-5.878497	-5.2895779	18.48	PTPRZ1	protein tyrosine phosphatase receptor type Z1
6289	3.87e-13	4.98e-14	0.6967	-7.532361	-5.2476559	30.29	SAA2	serum amyloid A2
112267916	4.49e-15	5.02e-16	0.6011	-8.11094	-4.8758484	33.02	LOC112267916	
4938	1.88e-25	1.27e-26	0.4414	-10.679206	-4.7142147	62.07	OAS1	2'-5'-oligoadenylate synthetase 1
1999	3.52e-11	5.15e-12	0.6754	-6.901301	-4.6608613	25.15	ELF3	E74 like ETS transcription factor 3
3936	3.59e-31	1.95e-32	0.3924	-11.858414	-4.6529792	69.55	LCP1	lymphocyte cytosolic protein 1
6424	6.419999999999999e-176	2.22e-178	0.1603	-28.477605	-4.565922	1265.51	SFRP4	secreted frizzled related protein 4
100528017	1.48e-07	3e-08	0.812	-5.541175	-4.4993	14.89	SAA2-SAA4	SAA2-SAA4 readthrough
2831	7.93e-06	1.95e-06	0.9399	-4.758684	-4.4728286	10.75	NPBWR1	neuropeptides B and W receptor 1
948	2.13e-280	3.15e-283	0.1222	-35.963205	-4.3939188	776.93	CD36	CD36 molecule
164832	2.78e-31	1.5e-32	0.3686	-11.880262	-4.379182	67.02	LONRF2	LON peptidase N-terminal domain and ring finger 2
3553	7.78e-97	8.730000000000001e-99	0.2049	-21.095571	-4.3223918	604.13	IL1B	interleukin 1 beta
1044	2.32e-05	6.06e-06	0.9545	-4.52432	-4.318642	9.96	CDX1	caudal type homeobox 1
7477	0.000903	0.000298	1.1777	-3.617043	-4.259831	6.19	WNT7B	Wnt family member 7B
8995	1.0699999999999999e-81	1.61e-83	0.2188	-19.362074	-4.2354576	181.85	TNFSF18	TNF superfamily member 18
8972	2.37e-20	2.01e-21	0.4455	-9.504758	-4.2348296	43.51	MGAM	maltase-glucoamylase
3552	7.59e-39	3.21e-40	0.3188	-13.275418	-4.2316193	85.24	IL1A	interleukin 1 alpha
6456	2.0100000000000002e-185	6.599999999999999e-188	0.1432	-29.23685	-4.1860845	423.47	SH3GL2	SH3 domain containing GRB2 like 2, endophilin A1
3635	4.88e-30	2.79e-31	0.354	-11.63337	-4.1179938	64.58	INPP5D	inositol polyphosphate-5-phosphatase D
2977	1.55e-286	2.02e-289	0.1125	-36.357208	-4.0900072	734.63	GUCY1A2	guanylate cyclase 1 soluble subunit alpha 2
283463	7.27e-07	1.58e-07	0.7656	-5.243183	-4.0143946	12.91	MUC19	mucin 19, oligomeric
374	1.36e-38	5.86e-40	0.2991	-13.230358	-3.9566968	87.78	AREG	amphiregulin
1524	8.9e-08	1.76e-08	0.7003	-5.633911	-3.9453625	15.59	CX3CR1	C-X3-C motif chemokine receptor 1
6622	1.6299999999999997e-23	1.2099999999999999e-24	0.3842	-10.247469	-3.9369208	50.18	SNCA	synuclein alpha
107075116	1.51e-09	2.53e-10	0.6135	-6.325221	-3.8803627	18.95	MIR3142HG	MIR3142 host gene
440087	3.5699999999999997e-23	2.71e-24	0.3814	-10.169525	-3.8787333	51.7	SMCO3	single-pass membrane protein with coiled-coil domains 3
5243	3.61e-19	3.23e-20	0.4201	-9.211185	-3.869761	40.75	ABCB1	ATP binding cassette subfamily B member 1
643401	5.89e-26	3.9300000000000005e-27	0.3587	-10.787843	-3.869139	55.47	PURPL	p53 upregulated regulator of p53 levels
50940	2.49e-25	1.7e-26	0.361	-10.652514	-3.8456058	54.38	PDE11A	phosphodiesterase 11A
200879	1.0400000000000001e-43	3.79e-45	0.2708	-14.100058	-3.8188143	101.88	LIPH	lipase H
54567	1.13e-49	3.52e-51	0.2484	-15.048637	-3.7380554	111.05	DLL4	delta like canonical Notch ligand 4
10148	4.74e-25	3.29e-26	0.3498	-10.590874	-3.7048143	56.86	EBI3	Epstein-Barr virus induced 3
6288	3.85e-31	2.09e-32	0.3121	-11.852328	-3.6988972	70.2	SAA1	serum amyloid A1
57709	8.25e-45	2.95e-46	0.2569	-14.279235	-3.6685682	726.05	SLC7A14	solute carrier family 7 member 14
6354	5.960000000000001e-32	3.13e-33	0.3037	-12.010363	-3.6477239	79.49	CCL7	C-C motif chemokine ligand 7
10242	1.99e-12	2.68e-13	0.4943	-7.309504	-3.6134415	26.61	KCNMB2	potassium calcium-activated channel subfamily M regulatory beta subunit 2
100505851	5.72e-08	1.11e-08	0.6289	-5.712817	-3.5928992	16.1	LOC100505851	uncharacterized LOC100505851
347	2.11e-93	2.5799999999999997e-95	0.1733	-20.71411	-3.5892076	868.32	APOD	apolipoprotein D
55521	1.48e-17	1.44e-18	0.4074	-8.794432	-3.58303	40.8	TRIM36	tripartite motif containing 36
9420	9.35e-38	4.1e-39	0.2699	-13.083258	-3.5316165	448.36	CYP7B1	cytochrome P450 family 7 subfamily B member 1
386618	2.11e-92	2.6e-94	0.1712	-20.602614	-3.5268053	225.28	KCTD4	potassium channel tetramerization domain containing 4
161342	7.55e-06	1.85e-06	0.7386	-4.76938	-3.5225444	11.55	LINC00519	long intergenic non-protein coding RNA 519
105372338	4.57e-35	2.15e-36	0.2772	-12.598394	-3.492265	79.85	LOC105372338	uncharacterized LOC105372338
3294	3.52e-38	1.54e-39	0.2641	-13.157739	-3.4745631	91.64	HSD17B2	hydroxysteroid 17-beta dehydrogenase 2
2069	0.0	0.0	0.0793	-43.040419	-3.414336	1709.01	EREG	epiregulin
55800	2.71e-16	2.82e-17	0.401	-8.453744	-3.3903018	37.5	SCN3B	sodium voltage-gated channel beta subunit 3
685	0.000106	3.01e-05	0.8114	-4.172906	-3.3858825	9.11	BTC	betacellulin
1272	7.73e-50	2.41e-51	0.2222	-15.073743	-3.3489776	118.95	CNTN1	contactin 1
9635	1.18e-119	9.11e-122	0.1427	-23.465821	-3.3483369	319.49	CLCA2	chloride channel accessory 2
154661	1.52e-19	1.33e-20	0.3578	-9.305918	-3.3293109	44.62	RUNDC3B	RUN domain containing 3B
647859	3.69e-05	9.83e-06	0.744	-4.420842	-3.2889277	10.06	OCLNP1	OCLN pseudogene 1
1437	6.42e-19	5.78e-20	0.3592	-9.148428	-3.2865541	43.75	CSF2	colony stimulating factor 2
55	3.9900000000000004e-32	2.08e-33	0.271	-12.044084	-3.2642944	77.16	ACP3	acid phosphatase 3
4070	1.04e-98	1.1100000000000001e-100	0.1528	-21.301137	-3.2550877	253.77	TACSTD2	tumor associated calcium signal transducer 2
3763	4.14e-21	3.39e-22	0.336	-9.687916	-3.2550465	51.38	KCNJ6	potassium inwardly rectifying channel subfamily J member 6
4939	1.7900000000000001e-44	6.42e-46	0.2287	-14.224847	-3.2537644	326.61	OAS2	2'-5'-oligoadenylate synthetase 2
442213	3.7e-166	1.4299999999999999e-168	0.1176	-27.674187	-3.2535623	474.23	PTCHD4	patched domain containing 4
109729169	1.93e-06	4.42e-07	0.6435	-5.049722	-3.2494793	13.33	LINC02154	long intergenic non-protein coding RNA 2154
56603	5.97e-180	2e-182	0.1119	-28.802457	-3.222145	547.04	CYP26B1	cytochrome P450 family 26 subfamily B member 1
9619	6.3e-07	1.36e-07	0.5997	-5.270117	-3.1602445	15.25	ABCG1	ATP binding cassette subfamily G member 1
6857	2.78e-232	5.5200000000000005e-235	0.0963	-32.731749	-3.1510591	765.11	SYT1	synaptotagmin 1
105374986	0.000146	4.25e-05	0.7689	-4.093299	-3.1474389	8.98	LOC105374986	uncharacterized LOC105374986
9312	6.91e-10	1.11e-10	0.487	-6.450818	-3.141655	23.76	KCNB2	potassium voltage-gated channel subfamily B member 2
57795	1e-07	1.99e-08	0.5565	-5.612916	-3.123501	18.28	BRINP2	BMP/retinoic acid inducible neural specific 2
105375913	5.58e-10	8.88e-11	0.4809	-6.484863	-3.1185149	24.03	LOC105375913	uncharacterized LOC105375913
84293	3.03e-127	1.98e-129	0.1257	-24.20489	-3.043424	353.76	PRXL2A	peroxiredoxin like 2A
9120	4.08e-49	1.3e-50	0.2029	-14.962055	-3.0358548	134.96	SLC16A6	solute carrier family 16 member 6
8739	3.36e-08	6.38e-09	0.5218	-5.806608	-3.0296995	18.64	HRK	harakiri, BCL2 interacting protein
5924	1.8299999999999998e-82	2.71e-84	0.1552	-19.453635	-3.0196706	216.03	RASGRF2	Ras protein specific guanine nucleotide releasing factor 2
9630	2.07e-19	1.83e-20	0.323	-9.271885	-2.995071	49.08	GNA14	G protein subunit alpha 14
54463	7.810000000000001e-22	6.259999999999999e-23	0.3016	-9.859092	-2.9735496	58.73	RETREG1	reticulophagy regulator 1
107984589	0.000455	0.000143	0.7776	-3.802158	-2.9566678	8.56	LOC107984589	uncharacterized LOC107984589
121506	6.19e-05	1.7e-05	0.6854	-4.300856	-2.9477698	11.18	ERP27	endoplasmic reticulum protein 27
460	2.98e-34	1.44e-35	0.2368	-12.447796	-2.947217	100.59	ASTN1	astrotactin 1
54674	2.41e-251	4.38e-254	0.0864	-34.047757	-2.9429651	880.92	LRRN3	leucine rich repeat neuronal 3
6372	2.2099999999999997e-23	1.66e-24	0.2876	-10.21721	-2.9388541	70.52	CXCL6	C-X-C motif chemokine ligand 6
100507421	7.01e-78	1.1400000000000001e-79	0.1554	-18.900021	-2.9363356	280.4	TMEM178B	transmembrane protein 178B
1006	4.9e-05	1.33e-05	0.6714	-4.354326	-2.9236537	10.7	CDH8	cadherin 8
146433	1.19e-08	2.16e-09	0.4876	-5.985664	-2.9183188	21.69	IL34	interleukin 34
60495	8.87e-30	5.12e-31	0.2514	-11.581444	-2.9119121	81.2	HPSE2	heparanase 2 (inactive)
64220	1.24e-35	5.750000000000001e-37	0.2291	-12.70216	-2.9106478	410.53	STRA6	signaling receptor and transporter of retinol STRA6
103611157	2.89e-41	1.1399999999999998e-42	0.2116	-13.691796	-2.8973124	109.43	TGFB2-OT1	TGFB2 overlapping transcript 1
101928176	2.52e-06	5.85e-07	0.5794	-4.996134	-2.8949173	14.29	LINC01411	long intergenic non-protein coding RNA 1411
84189	1.27e-05	3.21e-06	0.6141	-4.657131	-2.8598424	12.67	SLITRK6	SLIT and NTRK like family member 6
253152	1.38e-11	1.96e-12	0.4033	-7.037503	-2.8379214	30.69	EPHX4	epoxide hydrolase 4
5452	0.0	0.0	0.0653	-43.37553	-2.8335095	1444.98	POU2F2	POU class 2 homeobox 2
105378751	1.75e-15	1.91e-16	0.344	-8.227863	-2.8306438	43.78	LOC105378751	uncharacterized LOC105378751
130271	1.2500000000000001e-208	3.05e-211	0.0912	-31.018348	-2.8278519	672.03	PLEKHH2	pleckstrin homology, MyTH4 and FERM domain containing H2
112268263	0.000133	3.84e-05	0.6858	-4.116693	-2.8232203	10.21	LOC112268263	uncharacterized LOC112268263
6648	3.19e-75	5.47e-77	0.1515	-18.571411	-2.8128111	13884.74	SOD2	superoxide dismutase 2
7042	6.219999999999999e-250	1.2e-252	0.0828	-33.950522	-2.81248	833.68	TGFB2	transforming growth factor beta 2
102723663	5.23e-05	1.43e-05	0.6472	-4.339594	-2.8086306	11.42	LOC102723663	uncharacterized LOC102723663
23566	3.38e-08	6.4e-09	0.4829	-5.805847	-2.8039227	19.77	LPAR3	lysophosphatidic acid receptor 3
100505622	5.9e-09	1.04e-09	0.4594	-6.102737	-2.8033118	22.63	POU2F2-AS1	POU2F2 antisense RNA 1
55531	1.57e-14	1.82e-15	0.3502	-7.952956	-2.7849661	39.58	ELMOD1	ELMO domain containing 1
56137	6.45e-05	1.78e-05	0.6486	-4.291159	-2.7831138	11.04	PCDHA12	protocadherin alpha 12
150372	0.000179	5.29e-05	0.6882	-4.04256	-2.7822451	10.22	NFAM1	NFAT activating protein with ITAM motif 1
2354	6.32e-45	2.25e-46	0.1929	-14.298183	-2.758094	165.63	FOSB	FosB proto-oncogene, AP-1 transcription factor subunit
133522	4.68e-13	6.07e-14	0.3662	-7.506523	-2.7490886	35.28	PPARGC1B	PPARG coactivator 1 beta
27344	9.5e-06	2.36e-06	0.5808	-4.720054	-2.741459	14.25	PCSK1N	proprotein convertase subtilisin/kexin type 1 inhibitor
2304	3.6199999999999994e-52	1.05e-53	0.1776	-15.428661	-2.7396625	150.32	FOXE1	forkhead box E1
2169	1.1e-07	2.2e-08	0.488	-5.595787	-2.7308423	19.0	FABP2	fatty acid binding protein 2
6547	1.3299999999999998e-23	9.88e-25	0.2643	-10.267465	-2.7133407	68.13	SLC8A3	solute carrier family 8 member A3
3229	3.49e-22	2.7599999999999995e-23	0.2725	-9.941012	-2.7087693	61.92	HOXC13	homeobox C13
400823	6.37e-14	7.74e-15	0.3453	-7.77173	-2.6831912	39.73	FAM177B	family with sequence similarity 177 member B
54829	1.94e-89	2.5e-91	0.1317	-20.267224	-2.6701542	285.58	ASPN	asporin
162494	2.85e-05	7.53e-06	0.5922	-4.478238	-2.6520544	12.57	RHBDL3	rhomboid like 3
107985155	0.000108	3.09e-05	0.6353	-4.167076	-2.6472008	11.14	LOC107985155	uncharacterized LOC107985155
130399	1.15e-16	1.18e-17	0.3092	-8.555166	-2.6454479	49.87	ACVR1C	activin A receptor type 1C
8339	1.15e-09	1.89e-10	0.4149	-6.370282	-2.6433204	25.64	H2BC8	H2B clustered histone 8
4599	7.140000000000001e-27	4.57e-28	0.2403	-10.9838	-2.6388896	445.23	MX1	MX dynamin like GTPase 1
102723825	2.15e-05	5.59e-06	0.5744	-4.541228	-2.6084903	13.26	LOC102723825	uncharacterized LOC102723825
100507254	3.2599999999999994e-23	2.47e-24	0.2563	-10.178777	-2.6083717	69.27	LINC01013	long intergenic non-protein coding RNA 1013
3781	1e-135	5.79e-138	0.1041	-25.002136	-2.6032867	481.61	KCNN2	potassium calcium-activated channel subfamily N member 2
353139	7.37e-10	1.19e-10	0.404	-6.440617	-2.6017425	27.25	LCE2A	late cornified envelope 2A
1285	1.98e-24	1.4199999999999999e-25	0.2482	-10.453303	-2.594505	81.93	COL4A3	collagen type IV alpha 3 chain
105374296	1.66e-05	4.25e-06	0.5629	-4.598571	-2.5885149	13.96	LOC105374296	uncharacterized LOC105374296
105374985	1.68e-45	5.880000000000001e-47	0.1795	-14.391159	-2.5836492	142.25	LOC105374985	
101410543	3.87e-06	9.14e-07	0.5232	-4.909296	-2.5684744	16.44	XXYLT1-AS2	XXYLT1 antisense RNA 2
8347	1.66e-22	1.2999999999999998e-23	0.2564	-10.015835	-2.5683262	68.63	H2BC4	H2B clustered histone 4
101927078	3.31e-07	6.96e-08	0.4753	-5.39217	-2.5628476	19.03	LOC101927078	uncharacterized LOC101927078
1440	1.94e-07	3.99e-08	0.4661	-5.491352	-2.5594207	20.73	CSF3	colony stimulating factor 3
51191	4.37e-15	4.89e-16	0.313	-8.114141	-2.5399382	48.97	HERC5	HECT and RLD domain containing E3 ubiquitin protein ligase 5
7294	5.11e-09	8.98e-10	0.4131	-6.126634	-2.5311057	26.48	TXK	TXK tyrosine kinase
151258	0.0	0.0	0.0564	-44.844168	-2.5284449	3904.46	SLC38A11	solute carrier family 38 member 11
344887	2.24e-14	2.62e-15	0.3193	-7.908024	-2.5249494	42.06	NMRAL2P	NmrA like redox sensor 2, pseudogene
107986951	0.000511	0.000162	0.6695	-3.771534	-2.5248729	9.62	LOC107986951	uncharacterized LOC107986951
3713	1.54e-05	3.94e-06	0.547	-4.614597	-2.5243278	14.35	IVL	involucrin
146330	1.55e-19	1.36e-20	0.2711	-9.303513	-2.5221406	59.59	FBXL16	F-box and leucine rich repeat protein 16
414152	8.04e-08	1.58e-08	0.4458	-5.652302	-2.5195903	127.86	C10orf105	chromosome 10 open reading frame 105
152519	3.13e-50	9.599999999999999e-52	0.166	-15.13446	-2.5118543	166.95	NIPAL1	NIPA like domain containing 1
102723761	0.000153	4.47e-05	0.6144	-4.081587	-2.5076297	11.2	LINC02773	long intergenic non-protein coding RNA 2773
6649	2.37e-37	1.0499999999999999e-38	0.192	-13.011396	-2.4986279	2214.98	SOD3	superoxide dismutase 3
161145	4.13e-21	3.39e-22	0.2573	-9.688084	-2.4925497	67.86	TMEM229B	transmembrane protein 229B
9235	1.64e-83	2.35e-85	0.1273	-19.578671	-2.4923959	321.55	IL32	interleukin 32
83896	3.29e-50	1.01e-51	0.1639	-15.130981	-2.4804889	223.55	KRTAP3-1	keratin associated protein 3-1
1012	0.0	0.0	0.06	-41.307499	-2.4776222	3887.88	CDH13	cadherin 13
8365	4e-16	4.2e-17	0.2943	-8.407088	-2.4744182	49.49	H4C8	H4 clustered histone 8
107985164	6.09e-06	1.47e-06	0.5105	-4.814756	-2.4581525	16.06	LOC107985164	uncharacterized LOC107985164
1803	2.0400000000000002e-58	5.079999999999999e-60	0.1496	-16.340521	-2.4437701	7120.32	DPP4	dipeptidyl peptidase 4
117531	6.3e-10	1.01e-10	0.375	-6.465344	-2.4246348	32.24	TMC1	transmembrane channel like 1
401190	2.48e-07	5.15e-08	0.4429	-5.445956	-2.4118698	21.77	RGS7BP	regulator of G protein signaling 7 binding protein
23508	4.15e-57	1.06e-58	0.1489	-16.154337	-2.4052773	243.97	TTC9	tetratricopeptide repeat domain 9
105373623	4e-06	9.47e-07	0.4903	-4.902383	-2.4038133	17.94	LOC105373623	
1520	1.2299999999999999e-46	4.19e-48	0.1642	-14.57267	-2.3923715	173.44	CTSS	cathepsin S
684	1.62e-12	2.18e-13	0.3255	-7.337187	-2.388013	38.53	BST2	bone marrow stromal cell antigen 2
79993	0.000876	0.000289	0.6571	-3.625404	-2.3824023	9.69	ELOVL7	ELOVL fatty acid elongase 7
284716	0.00725	0.00285	0.7984	-2.983018	-2.3817309	6.53	RIMKLA	ribosomal modification protein rimK like family member A
56956	2.4100000000000002e-70	4.630000000000001e-72	0.1324	-17.951992	-2.3775137	255.21	LHX9	LIM homeobox 9
11240	1.71e-15	1.86e-16	0.2877	-8.230493	-2.3677721	55.09	PADI2	peptidyl arginine deiminase 2
1295	0.0	0.0	0.0389	-60.6934	-2.3614798	17247.77	COL8A1	collagen type VIII alpha 1 chain
105375560	0.00197	0.000692	0.6945	-3.392837	-2.3563979	8.36	LOC105375560	
27242	1.85e-194	5.47e-197	0.0784	-29.942765	-2.3478871	1014.86	TNFRSF21	TNF receptor superfamily member 21
100506658	1.48e-19	1.29e-20	0.2514	-9.309019	-2.3407458	69.89	OCLN	occludin
165186	7.75e-06	1.9e-06	0.4885	-4.763745	-2.3270199	16.94	TOGARAM2	TOG array regulator of axonemal microtubules 2
723790	8.06e-55	2.16e-56	0.1469	-15.822943	-2.324769	203.46	H2AC19	H2A clustered histone 19
27345	3.0399999999999998e-55	8.06e-57	0.1458	-15.884925	-2.3157908	241.67	KCNMB4	potassium calcium-activated channel subfamily M regulatory beta subunit 4
7097	7.99e-07	1.74e-07	0.4431	-5.22475	-2.3151108	20.6	TLR2	toll like receptor 2
91543	0.000183	5.43e-05	0.5732	-4.036363	-2.3138322	12.75	RSAD2	radical S-adenosyl methionine domain containing 2
8337	4.2400000000000005e-56	1.1100000000000001e-57	0.1444	-16.008794	-2.3122926	207.99	H2AC18	H2A clustered histone 18
284612	1.15e-82	1.69e-84	0.1186	-19.477846	-2.3110407	5360.84	SYPL2	synaptophysin like 2
283104	8.35e-41	3.3299999999999995e-42	0.1695	-13.613538	-2.3075642	892.98	SBF2-AS1	SBF2 antisense RNA 1
389336	0.000226	6.8e-05	0.5789	-3.983188	-2.3057952	11.81	C5orf46	chromosome 5 open reading frame 46
51704	1.72e-44	6.17e-46	0.1618	-14.227705	-2.3023758	187.49	GPRC5B	G protein-coupled receptor class C group 5 member B
203447	3.45e-28	2.1000000000000002e-29	0.2041	-11.258727	-2.2980256	102.84	NRK	Nik related kinase
56344	1.78e-07	3.64e-08	0.4166	-5.507498	-2.2942271	22.95	CABP5	calcium binding protein 5
8622	2.8599999999999996e-221	6.33e-224	0.0718	-31.945038	-2.2931398	1161.63	PDE8B	phosphodiesterase 8B
3691	8.61e-25	6.05e-26	0.2173	-10.533611	-2.2887167	88.26	ITGB4	integrin subunit beta 4
1286	8.820000000000001e-72	1.61e-73	0.1255	-18.13758	-2.275881	287.85	COL4A4	collagen type IV alpha 4 chain
5874	8.849999999999999e-48	2.89e-49	0.1542	-14.75411	-2.2751714	194.65	RAB27B	RAB27B, member RAS oncogene family
631	5.400000000000001e-26	3.59e-27	0.2103	-10.796078	-2.2706146	92.32	BFSP1	beaded filament structural protein 1
344148	1.6900000000000003e-163	6.7e-166	0.0823	-27.451335	-2.2595496	891.16	NCKAP5	NCK associated protein 5
28984	3.01e-10	4.7e-11	0.3425	-6.580252	-2.2538799	469.22	RGCC	regulator of cell cycle
105376235	6.39e-07	1.38e-07	0.4277	-5.267582	-2.2531784	21.46	LOC105376235	uncharacterized LOC105376235
54549	5.39e-19	4.84e-20	0.2457	-9.167434	-2.2526518	67.69	SDK2	sidekick cell adhesion molecule 2
56892	2.36e-75	4.03e-77	0.1209	-18.587859	-2.2466625	1998.11	TCIM	transcriptional and immune response regulator
2537	0.0	0.0	0.0566	-39.49781	-2.2364724	1741.53	IFI6	interferon alpha inducible protein 6
894	3.83e-58	9.58e-60	0.1372	-16.301836	-2.2359315	250.7	CCND2	cyclin D2
64116	1.2899999999999999e-74	2.24e-76	0.1203	-18.495611	-2.2252578	439.6	SLC39A8	solute carrier family 39 member 8
103752584	0.000177	5.22e-05	0.5489	-4.045536	-2.2206314	13.36	CCND2-AS1	CCND2 antisense RNA 1
6692	1.71e-27	1.06e-28	0.1989	-11.114659	-2.2104638	118.27	SPINT1	serine peptidase inhibitor, Kunitz type 1
3426	9.319999999999999e-46	3.2400000000000003e-47	0.153	-14.43232	-2.2087455	227.11	CFI	complement factor I
728224	0.00262	0.000942	0.6668	-3.307445	-2.2052554	9.21	KRTAP4-8	keratin associated protein 4-8
84460	1.74e-07	3.57e-08	0.4	-5.51104	-2.2041482	25.93	ZMAT1	zinc finger matrin-type 1
9890	4.94e-37	2.21e-38	0.1701	-12.954766	-2.2036728	2512.54	PLPPR4	phospholipid phosphatase related 4
231	6.49e-301	7.73e-304	0.059	-37.258472	-2.198273	7953.61	AKR1B1	aldo-keto reductase family 1 member B
284756	0.00171	0.000597	0.638	-3.433076	-2.1903246	9.58	LINC02910	long intergenic non-protein coding RNA 2910
2327	0.000172	5.07e-05	0.5392	-4.052589	-2.1849668	14.86	FMO2	flavin containing dimethylaniline monoxygenase 2
729582	3.57e-35	1.67e-36	0.1728	-12.618259	-2.1808939	139.86	DIRC3	disrupted in renal carcinoma 3
272	2.3499999999999998e-197	6.400000000000001e-200	0.0723	-30.167112	-2.1804538	2112.17	AMPD3	adenosine monophosphate deaminase 3
114780	6.85e-42	2.64e-43	0.158	-13.797465	-2.1794605	185.9	PKD1L2	polycystin 1 like 2 (gene/pseudogene)
3859	0.00499	0.0019	0.7011	-3.106066	-2.1775625	8.18	KRT12	keratin 12
105374003	0.000399	0.000124	0.5674	-3.837544	-2.1773335	12.52	LOC105374003	uncharacterized LOC105374003
8503	1.5200000000000001e-65	3.2199999999999995e-67	0.1255	-17.321905	-2.1733168	259.34	PIK3R3	phosphoinositide-3-kinase regulatory subunit 3
80310	1.37e-41	5.33e-43	0.1579	-13.746748	-2.1707446	218.11	PDGFD	platelet derived growth factor D
105373962	0.000308	9.45e-05	0.5559	-3.90434	-2.1705227	13.41	LINC01937	long intergenic non-protein coding RNA 1937
2651	0.000578	0.000185	0.5799	-3.738494	-2.1677945	11.69	GCNT2	glucosaminyl (N-acetyl) transferase 2 (I blood group)
100316868	1.24e-17	1.2e-18	0.2457	-8.815032	-2.1656919	64.4	HOTTIP	HOXA distal transcript antisense RNA
57595	5.46e-23	4.18e-24	0.2128	-10.127357	-2.1546005	86.0	PDZD4	PDZ domain containing 4
100287082	1.41e-06	3.18e-07	0.4184	-5.112573	-2.1391004	21.87	GACAT2	gastric cancer associated transcript 2
101928583	0.00103	0.000343	0.5954	-3.580747	-2.1320327	10.93	SLC7A14-AS1	SLC7A14 antisense RNA 1
50512	4.78e-23	3.6499999999999996e-24	0.2102	-10.140618	-2.1312446	89.11	PODXL2	podocalyxin like 2
5069	0.0	0.0	0.0456	-46.767336	-2.1310128	4204.61	PAPPA	pappalysin 1
110117499	1.85e-52	5.33e-54	0.1371	-15.472358	-2.1215016	213.91	P3R3URF-PIK3R3	P3R3URF-PIK3R3 readthrough
388021	0.000115	3.27e-05	0.5105	-4.153542	-2.1201853	15.61	TMEM179	transmembrane protein 179
2702	4.25e-30	2.43e-31	0.1817	-11.645271	-2.1158463	128.42	GJA5	gap junction protein alpha 5
3745	1.0499999999999999e-23	7.73e-25	0.2054	-10.291091	-2.1138461	101.18	KCNB1	potassium voltage-gated channel subfamily B member 1
493913	6.54e-136	3.75e-138	0.0842	-25.019563	-2.1070617	702.81	PAPPA-AS1	PAPPA antisense RNA 1
117283	4.06e-11	5.96e-12	0.306	-6.880528	-2.1056332	41.21	IP6K3	inositol hexakisphosphate kinase 3
112268439	1.69e-07	3.44e-08	0.3805	-5.517246	-2.09954	27.03	LOC112268439	uncharacterized LOC112268439
107984745	0.000548	0.000175	0.5586	-3.753048	-2.0964946	12.38	LOC107984745	
100132735	7.25e-18	6.93e-19	0.235	-8.876013	-2.085876	79.06	FILNC1	FOXO induced long non-coding RNA 1
5919	2.2900000000000003e-208	5.72e-211	0.0673	-30.998106	-2.0848581	1497.38	RARRES2	retinoic acid receptor responder 2
8794	5.52e-62	1.26e-63	0.1234	-16.838934	-2.0772345	261.02	TNFRSF10C	TNF receptor superfamily member 10c
9472	1.2e-158	5.03e-161	0.0768	-27.039851	-2.0767179	802.14	AKAP6	A-kinase anchoring protein 6
100507466	0.000627	0.000202	0.5565	-3.716656	-2.0684733	12.4	DPH6-DT	DPH6 divergent transcript
3479	3.87e-13	4.98e-14	0.2739	-7.532317	-2.0632089	55.71	IGF1	insulin like growth factor 1
100131604	2.6700000000000003e-32	1.38e-33	0.1707	-12.077734	-2.061341	133.39	DPP4-DT	DPP4 divergent transcript
9388	1.08e-11	1.53e-12	0.2914	-7.071934	-2.0607022	45.62	LIPG	lipase G, endothelial type
105371618	4.34e-14	5.22e-15	0.2631	-7.821573	-2.0581662	59.71	LOC105371618	uncharacterized LOC105371618
8367	0.00413	0.00155	0.6491	-3.165615	-2.0546892	8.98	H4C5	H4 clustered histone 5
3772	1.78e-09	3e-10	0.3254	-6.298888	-2.0497526	37.76	KCNJ15	potassium inwardly rectifying channel subfamily J member 15
8651	3.8100000000000002e-31	2.07e-32	0.1728	-11.853278	-2.0487726	130.29	SOCS1	suppressor of cytokine signaling 1
105378858	3.82e-05	1.02e-05	0.4643	-4.412517	-2.0486241	18.67	LOC105378858	uncharacterized LOC105378858
2919	8.58e-82	1.29e-83	0.1057	-19.373577	-2.0474334	504.38	CXCL1	C-X-C motif chemokine ligand 1
8349	6.739999999999999e-95	7.99e-97	0.098	-20.880908	-2.0470283	547.29	H2BC21	H2B clustered histone 21
23225	5.2599999999999997e-23	4.02e-24	0.202	-10.131199	-2.0465027	101.85	NUP210	nucleoporin 210
10451	0.000463	0.000146	0.5386	-3.797411	-2.045432	14.24	VAV3	vav guanine nucleotide exchange factor 3
8334	3.42e-85	4.66e-87	0.1033	-19.777418	-2.0431376	453.88	H2AC6	H2A clustered histone 6
448834	0.000228	6.87e-05	0.5114	-3.980727	-2.0358125	14.33	KPRP	keratinocyte proline rich protein
100506411	5.61e-07	1.21e-07	0.3845	-5.292533	-2.0350736	25.34	MAP3K9-DT	MAP3K9 divergent transcript
1512	2.36e-71	4.3600000000000005e-73	0.1121	-18.082732	-2.0271171	456.55	CTSH	cathepsin H
56144	1.16e-05	2.92e-06	0.4332	-4.676626	-2.0259011	20.55	PCDHA4	protocadherin alpha 4
864	9.37e-10	1.53e-10	0.3164	-6.40244	-2.0257015	37.62	RUNX3	RUNX family transcription factor 3
57509	2.02e-66	4.2099999999999995e-68	0.116	-17.438533	-2.0229722	307.46	MTUS1	microtubule associated scaffold protein 1
3897	0.0	0.0	0.0351	-57.614027	-2.0209444	18033.95	L1CAM	L1 cell adhesion molecule
107987401	0.00553	0.00212	0.6541	-3.072581	-2.0098825	8.54	LOC107987401	uncharacterized LOC107987401
57460	4.9899999999999996e-89	6.51e-91	0.0992	-20.220108	-2.0063108	437.26	PPM1H	protein phosphatase, Mg2+/Mn2+ dependent 1H
25759	7.49e-78	1.22e-79	0.1057	-18.896344	-1.9968295	365.8	SHC2	SHC adaptor protein 2
101928278	8.59e-07	1.88e-07	0.3831	-5.210654	-1.9959904	25.8	IGFBP-AS1	IGFBP5 antisense RNA 1
2571	2.48e-07	5.16e-08	0.3657	-5.445627	-1.991466	27.5	GAD1	glutamate decarboxylase 1
2151	2.36e-220	5.34e-223	0.0624	-31.878274	-1.9893629	1268.21	F2RL2	coagulation factor II thrombin receptor like 2
3429	1.61e-09	2.69e-10	0.3143	-6.315477	-1.9851277	37.9	IFI27	interferon alpha inducible protein 27
55283	5.26e-37	2.36e-38	0.1527	-12.94964	-1.9772005	171.78	MCOLN3	mucolipin TRP cation channel 3
249	1.67e-08	3.09e-09	0.3336	-5.926998	-1.9769822	32.76	ALPL	alkaline phosphatase, biomineralization associated
105378026	1.36e-05	3.45e-06	0.4251	-4.642282	-1.9734799	21.1	LOC105378026	uncharacterized LOC105378026
400550	3.7700000000000004e-56	9.830000000000001e-58	0.123	-16.016345	-1.9706308	296.88	FENDRR	FOXF1 adjacent non-coding developmental regulatory RNA
59353	1.17e-62	2.65e-64	0.1164	-16.931136	-1.9703966	306.46	TMEM35A	transmembrane protein 35A
113791	2.89e-125	2.03e-127	0.0818	-24.013108	-1.9652366	678.1	PIK3IP1	phosphoinositide-3-kinase interacting protein 1
6616	4.3e-76	7.26e-78	0.1047	-18.679541	-1.9554767	521.79	SNAP25	synaptosome associated protein 25
4293	2.1200000000000002e-56	5.5e-58	0.1216	-16.05243	-1.9516995	268.67	MAP3K9	mitogen-activated protein kinase kinase kinase 9
100131208	0.000298	9.09e-05	0.4979	-3.91367	-1.9486765	15.04	SNAP25-AS1	SNAP25 antisense RNA 1
3730	1.75e-28	1.0600000000000001e-29	0.1721	-11.319118	-1.9485856	131.67	ANOS1	anosmin 1
80323	7.83e-13	1.03e-13	0.2619	-7.437074	-1.9480554	66.72	CCDC68	coiled-coil domain containing 68
9001	1.33e-12	1.78e-13	0.2644	-7.364172	-1.9474369	52.3	HAP1	huntingtin associated protein 1
3485	9.32e-196	2.64e-198	0.0647	-30.043674	-1.9439354	2136.44	IGFBP2	insulin like growth factor binding protein 2
6092	9.68e-21	8.05e-22	0.2023	-9.599229	-1.941589	502.71	ROBO2	roundabout guidance receptor 2
55964	2.09e-08	3.88e-09	0.3297	-5.889042	-1.9414456	35.33	SEPTIN3	septin 3
105379282	0.00116	0.000389	0.5459	-3.547182	-1.9362554	13.03	LOC105379282	
100820829	4.27e-13	5.51e-14	0.2575	-7.519259	-1.9358422	60.02	MYZAP	myocardial zonula adherens protein
2203	2.05e-05	5.3e-06	0.4236	-4.552365	-1.9284777	21.85	FBP1	fructose-bisphosphatase 1
144347	0.00655	0.00256	0.6391	-3.016662	-1.9278765	8.79	RFLNA	refilin A
105373592	0.000487	0.000154	0.5089	-3.784026	-1.9255165	14.21	LOC105373592	uncharacterized LOC105373592
127002	1.11e-162	4.52e-165	0.0703	-27.38181	-1.9237128	1280.72	ATXN7L2	ataxin 7 like 2
105371453	6.89e-07	1.49e-07	0.3659	-5.253423	-1.922456	28.89	BCAN-AS1	BCAN antisense RNA 1
84707	2.02e-07	4.16e-08	0.3503	-5.484024	-1.9208272	30.06	BEX2	brain expressed X-linked 2
221091	4.99e-22	3.97e-23	0.1939	-9.904678	-1.9207833	614.64	LRRN4CL	LRRN4 C-terminal like
10231	6.84e-18	6.52e-19	0.2162	-8.882784	-1.9205449	941.97	RCAN2	regulator of calcineurin 2
57633	9.78e-07	2.15e-07	0.3687	-5.185748	-1.9121582	29.05	LRRN1	leucine rich repeat neuronal 1
6236	3.72e-19	3.32e-20	0.2077	-9.207938	-1.9121427	88.77	RRAD	RRAD, Ras related glycolysis inhibitor and calcium channel regulator
59084	4.11e-29	2.44e-30	0.1669	-11.446935	-1.9110059	136.89	ENPP5	ectonucleotide pyrophosphatase/phosphodiesterase family member 5
105377276	8.58e-08	1.69e-08	0.3385	-5.640691	-1.9093411	32.26	LOC105377276	uncharacterized LOC105377276
3953	3.08e-142	1.5400000000000002e-144	0.0745	-25.599651	-1.9063632	1911.5	LEPR	leptin receptor
105221694	0.0056	0.00215	0.6211	-3.068555	-1.905946	9.8	BISPR	BST2 interferon stimulated positive regulator
1846	4.2e-125	2.98e-127	0.0794	-23.997137	-1.9055827	842.81	DUSP4	dual specificity phosphatase 4
4321	2.92e-13	3.7e-14	0.2514	-7.571181	-1.9034833	65.28	MMP12	matrix metallopeptidase 12
100996465	0.000679	0.00022	0.5141	-3.694907	-1.8996052	13.7	L1CAM-AS1	L1CAM antisense RNA 1
105378085	0.0064	0.00249	0.6272	-3.024858	-1.8973348	10.09	LOC105378085	uncharacterized LOC105378085
84171	6.54e-39	2.77e-40	0.1427	-13.286657	-1.8956796	18914.76	LOXL4	lysyl oxidase like 4
192683	2.82e-26	1.85e-27	0.1743	-10.856722	-1.8928648	124.25	SCAMP5	secretory carrier membrane protein 5
368	3.81e-18	3.6e-19	0.2115	-8.948648	-1.8928535	82.72	ABCC6	ATP binding cassette subfamily C member 6
126820	1.0099999999999999e-23	7.42e-25	0.1832	-10.294978	-1.8860515	111.97	DNAI3	dynein axonemal intermediate chain 3
5157	2.72e-53	7.68e-55	0.1208	-15.596589	-1.884744	350.62	PDGFRL	platelet derived growth factor receptor like
924	9.95e-07	2.2e-07	0.3635	-5.182007	-1.8837373	27.56	CD7	CD7 molecule
6545	0.000509	0.000162	0.4991	-3.772546	-1.8828365	15.7	SLC7A4	solute carrier family 7 member 4
105373730	7e-07	1.52e-07	0.3572	-5.250352	-1.875381	28.4	LOC105373730	
2331	1.55e-127	1.0000000000000001e-129	0.0774	-24.232763	-1.8745789	1357.69	FMOD	fibromodulin
4139	3.5e-84	4.8600000000000005e-86	0.0953	-19.658765	-1.8736298	478.91	MARK1	microtubule affinity regulating kinase 1
26999	3.08e-120	2.3600000000000002e-122	0.0796	-23.523204	-1.8719583	672.46	CYFIP2	cytoplasmic FMR1 interacting protein 2
56704	6.8e-11	1.01e-11	0.2735	-6.804454	-1.8610072	53.11	JPH1	junctophilin 1
8970	1.53e-08	2.81e-09	0.313	-5.942168	-1.8598769	38.32	H2BC11	H2B clustered histone 11
7832	3.4900000000000006e-123	2.59e-125	0.0781	-23.810677	-1.8586942	778.33	BTG2	BTG anti-proliferation factor 2
57556	8.790000000000001e-35	4.2e-36	0.1479	-12.545567	-1.8558072	197.26	SEMA6A	semaphorin 6A
8605	2.05e-49	6.46e-51	0.123	-15.008472	-1.8464357	284.11	PLA2G4C	phospholipase A2 group IVC
107986859	0.000286	8.71e-05	0.4703	-3.924082	-1.8454526	16.7	LOC107986859	
6347	9.54e-46	3.32e-47	0.1275	-14.430595	-1.8402021	7918.78	CCL2	C-C motif chemokine ligand 2
100505702	2.14e-18	1.99e-19	0.204	-9.013801	-1.8384203	99.2	LINC01094	long intergenic non-protein coding RNA 1094
107987343	0.0118	0.00488	0.6528	-2.814878	-1.8375747	8.37	LOC107987343	uncharacterized LOC107987343
105375563	0.00487	0.00185	0.5899	-3.114104	-1.8368732	10.77	REPIN1-AS1	REPIN1 antisense RNA 1
105373877	0.00012	3.44e-05	0.4431	-4.142269	-1.8356317	18.17	DIRC3-AS1	DIRC3 antisense RNA 1
50848	9.58e-25	6.74e-26	0.174	-10.523343	-1.8307307	128.2	F11R	F11 receptor
129607	1.14e-05	2.85e-06	0.3904	-4.681478	-1.8278112	24.92	CMPK2	cytidine/uridine monophosphate kinase 2
254896	1.33e-07	2.68e-08	0.3257	-5.561412	-1.8114523	33.97	LOC254896	uncharacterized LOC254896
352887	0.000155	4.52e-05	0.4441	-4.079044	-1.811423	17.84	GYG2P1	glycogenin 2 pseudogene 1
101927402	0.00733	0.00289	0.6076	-2.979129	-1.8101764	9.62	AFTPH-DT	AFTPH divergent transcript
100128327	0.00635	0.00247	0.5979	-3.027152	-1.8097967	10.14	TRAPPC3L	trafficking protein particle complex subunit 3L
8338	7.79e-09	1.39e-09	0.2985	-6.056485	-1.808133	41.08	H2AC20	H2A clustered histone 20
8351	3.31e-05	8.78e-06	0.4064	-4.445209	-1.8063203	21.66	H3C4	H3 clustered histone 4
56128	8.16e-08	1.61e-08	0.3191	-5.649623	-1.8030288	35.86	PCDHB8	protocadherin beta 8
105377211	8.06e-05	2.25e-05	0.4253	-4.23816	-1.8025284	19.98	LOC105377211	uncharacterized LOC105377211
114794	3.5599999999999996e-74	6.25e-76	0.0976	-18.440182	-1.8005363	429.41	ELFN2	extracellular leucine rich repeat and fibronectin type III domain containing 2
3732	3.47e-97	3.84e-99	0.0851	-21.134398	-1.79763	780.44	CD82	CD82 molecule
105375914	0.000183	5.42e-05	0.4447	-4.03654	-1.7951708	17.75	LOC105375914	uncharacterized LOC105375914
8357	0.000454	0.000143	0.4694	-3.802615	-1.7848891	16.35	H3C10	H3 clustered histone 10
26112	4.56e-39	1.9199999999999998e-40	0.134	-13.314051	-1.7838942	204.93	CCDC69	coiled-coil domain containing 69
101929151	1.48e-05	3.76e-06	0.3856	-4.624227	-1.7830365	26.61	LINC02204	long intergenic non-protein coding RNA 2204
80099	3.84e-15	4.28e-16	0.219	-8.130401	-1.7807736	75.81	PKD1L1-AS1	PKD1L1 antisense RNA 1
10964	5.99e-05	1.65e-05	0.4129	-4.308225	-1.7789398	99.8	IFI44L	interferon induced protein 44 like
55130	1.39e-115	1.1200000000000001e-117	0.0768	-23.061718	-1.7710638	1026.28	ODAD2	outer dynein arm docking complex subunit 2
197135	0.00115	0.000388	0.4967	-3.548216	-1.7624912	14.1	PATL2	PAT1 homolog 2
2760	1.7600000000000003e-210	4.0800000000000006e-213	0.0564	-31.156969	-1.7572556	3067.06	GM2A	ganglioside GM2 activator
116534	0.0177	0.00772	0.6596	-2.664026	-1.7571159	8.4	MRGPRE	MAS related GPR family member E
100507477	1.47e-08	2.69e-09	0.2947	-5.949435	-1.7534298	45.8	LINC02941	long intergenic non-protein coding RNA 2941
574407	1.72e-07	3.51e-08	0.3175	-5.513973	-1.7505922	38.03	OBSCN-AS1	OBSCN antisense RNA 1
101927400	2.73e-08	5.14e-09	0.2996	-5.842439	-1.7504714	41.2	LINC02966	long intergenic non-protein coding RNA 2966
130733	1.17e-26	7.58e-28	0.1599	-10.938106	-1.7494314	176.03	TMEM178A	transmembrane protein 178A
6323	9.64e-17	9.81e-18	0.2032	-8.57617	-1.742981	108.1	SCN1A	sodium voltage-gated channel alpha subunit 1
3488	1.56e-298	1.94e-301	0.0468	-37.109949	-1.7371807	330674.02	IGFBP5	insulin like growth factor binding protein 5
128344	2.64e-06	6.13e-07	0.3478	-4.987141	-1.7347471	29.07	PIFO	primary cilia formation
576	2.06e-150	9.58e-153	0.0658	-26.326348	-1.7310854	1395.25	ADGRB2	adhesion G protein-coupled receptor B2
284276	1.64e-08	3.03e-09	0.2918	-5.930041	-1.7302096	41.9	LINC00908	long intergenic non-protein coding RNA 908
105373289	0.0125	0.00522	0.6138	-2.793064	-1.7144837	9.2	LOC105373289	LOC105373289
9024	1.68e-06	3.82e-07	0.336	-5.077531	-1.7062956	31.3	BRSK2	BR serine/threonine kinase 2
554235	0.0101	0.00412	0.5946	-2.869086	-1.7060443	11.08	ASPDH	aspartate dehydrogenase domain containing
27075	5.58e-112	4.91e-114	0.0751	-22.696012	-1.7039454	1068.97	TSPAN13	tetraspanin 13
140876	9.51e-27	6.12e-28	0.1551	-10.957427	-1.6989603	189.48	RIPOR3	RIPOR family member 3
29943	5.2e-15	5.84e-16	0.2098	-8.092506	-1.6975371	90.44	PADI1	peptidyl arginine deiminase 1
255231	1.07e-18	9.72e-20	0.1867	-9.092002	-1.6970512	110.48	MCOLN2	mucolipin TRP cation channel 2
105370456	8.38e-06	2.07e-06	0.3575	-4.746943	-1.6968656	27.53	LOC105370456	uncharacterized LOC105370456
105369919	3.69e-06	8.7e-07	0.3437	-4.918932	-1.6907053	29.54	LOC105369919	uncharacterized LOC105369919
374462	2.24e-70	4.3000000000000004e-72	0.0938	-17.956097	-1.6846345	698.24	PTPRQ	protein tyrosine phosphatase receptor type Q
84451	8.97e-06	2.22e-06	0.3559	-4.732525	-1.6841394	27.23	MAP3K21	mitogen-activated protein kinase kinase kinase 21
3872	3.08e-33	1.55e-34	0.1373	-12.256723	-1.6827855	210.61	KRT17	keratin 17
25825	1.3e-206	3.32e-209	0.0543	-30.866925	-1.6750095	1846.44	BACE2	beta-secretase 2
3592	1.92e-13	2.41e-14	0.2192	-7.626487	-1.672107	73.99	IL12A	interleukin 12A
1417	0.000504	0.00016	0.4417	-3.775377	-1.6675518	18.06	CRYBB3	crystallin beta B3
286	1.3500000000000001e-133	7.94e-136	0.0669	-24.804904	-1.6588505	1099.27	ANK1	ankyrin 1
4256	1.5599999999999998e-45	5.47e-47	0.1152	-14.396196	-1.6583625	410.91	MGP	matrix Gla protein
101929402	0.0292	0.0135	0.6697	-2.471509	-1.655244	7.83	EXTL3-AS1	EXTL3 antisense RNA 1
101928161	9.85e-05	2.78e-05	0.3947	-4.190527	-1.6539864	25.18	NCKAP5-AS2	NCKAP5 antisense RNA 2
81704	4.23e-13	5.45e-14	0.2199	-7.520687	-1.6539223	75.6	DOCK8	dedicator of cytokinesis 8
2329	3.9e-14	4.65e-15	0.2106	-7.835973	-1.6506024	538.27	FMO4	flavin containing dimethylaniline monoxygenase 4
653190	0.00752	0.00297	0.5516	-2.970697	-1.6387607	11.49	ABCC6P1	ATP binding cassette subfamily C member 6 pseudogene 1
5125	9.7e-40	3.96e-41	0.122	-13.431345	-1.6383082	245.36	PCSK5	proprotein convertase subtilisin/kexin type 5
4137	1.68e-19	1.47e-20	0.1761	-9.29512	-1.6370433	137.63	MAPT	microtubule associated protein tau
105376126	5.88e-06	1.42e-06	0.3387	-4.822144	-1.6332439	31.61	LOC105376126	uncharacterized LOC105376126
7163	1.41e-54	3.8e-56	0.103	-15.78747	-1.6265013	370.02	TPD52	tumor protein D52
80031	1.65e-33	8.22e-35	0.132	-12.30786	-1.6247926	228.75	SEMA6D	semaphorin 6D
3714	8.91e-16	9.53e-17	0.1955	-8.310478	-1.6242851	97.03	JAG2	jagged canonical Notch ligand 2
28231	2.2700000000000004e-21	1.84e-22	0.1664	-9.750386	-1.6222438	142.9	SLCO4A1	solute carrier organic anion transporter family member 4A1
1734	9.790000000000001e-192	3.11e-194	0.0545	-29.730396	-1.620678	2023.32	DIO2	iodothyronine deiodinase 2
3106	3.21e-67	6.59e-69	0.0922	-17.544193	-1.6171263	16220.55	HLA-B	major histocompatibility complex, class I, B
5224	5.73e-06	1.38e-06	0.3346	-4.827849	-1.6152863	31.46	PGAM2	phosphoglycerate mutase 2
114757	3.9000000000000004e-26	2.5800000000000004e-27	0.1492	-10.82633	-1.6149849	172.21	CYGB	cytoglobin
101060171	1.06e-07	2.12e-08	0.288	-5.601958	-1.6133515	41.16	ODAD2P1	outer dynein arm docking complex subunit 2 pseudogene 1
7051	1.41e-07	2.85e-08	0.2907	-5.550461	-1.6132897	45.29	TGM1	transglutaminase 1
101926996	4.15e-05	1.12e-05	0.367	-4.393526	-1.6125578	30.78	RUNDC3A-AS1	RUNDC3A antisense RNA 1
54855	3.9900000000000003e-35	1.87e-36	0.1278	-12.609403	-1.6117747	251.05	TENT5C	terminal nucleotidyltransferase 5C
400360	0.000425	0.000133	0.4216	-3.821034	-1.610983	20.17	LINC02915	long intergenic non-protein coding RNA 2915
23220	3.1000000000000003e-57	7.86e-59	0.0996	-16.172649	-1.6109345	405.51	DTX4	deltex E3 ubiquitin ligase 4
102724474	0.00613	0.00238	0.5295	-3.038597	-1.6088738	12.57	LOC102724474	WAS/WASL-interacting protein family member 2-like
2591	6.25e-35	2.96e-36	0.1279	-12.5732	-1.6081236	231.73	GALNT3	polypeptide N-acetylgalactosaminyltransferase 3
728464	8.05e-17	8.13e-18	0.1866	-8.59775	-1.6047097	104.72	METTL24	methyltransferase like 24
285505	3.2600000000000004e-70	6.310000000000001e-72	0.0894	-17.934769	-1.6027215	543.58	GASK1B-AS1	GASK1B antisense RNA 1
79772	5.42e-11	8.03e-12	0.2342	-6.838067	-1.6011689	64.64	MCTP1	multiple C2 and transmembrane domain containing 1
100126311	0.023	0.0103	0.6242	-2.564786	-1.6008613	9.04	MIR147B	microRNA 147b
10867	3.59e-194	1.08e-196	0.0534	-29.920086	-1.5981786	2190.45	TSPAN9	tetraspanin 9
84419	1.22e-09	2.02e-10	0.2509	-6.359882	-1.5956436	56.66	C15orf48	chromosome 15 open reading frame 48
3993	1.82e-06	4.15e-07	0.3152	-5.062087	-1.5956247	36.13	LLGL2	LLGL scribble cell polarity complex component 2
8330	0.0141	0.00598	0.5803	-2.749058	-1.5951986	10.34	H2AC15	H2A clustered histone 15
9620	1.65e-73	2.94e-75	0.0869	-18.356273	-1.5943193	518.66	CELSR1	cadherin EGF LAG seven-pass G-type receptor 1
478	1.11e-09	1.82e-10	0.2496	-6.375741	-1.5911252	55.73	ATP1A3	ATPase Na+/K+ transporting subunit alpha 3
221468	1.54e-14	1.78e-15	0.1999	-7.955694	-1.5903705	86.89	TMEM217	transmembrane protein 217
54145	6.670000000000001e-21	5.5200000000000005e-22	0.1649	-9.638066	-1.5895971	136.49	H2BC12L	H2B clustered histone 12 like
3017	9.49e-31	5.23e-32	0.135	-11.775345	-1.5892267	226.71	H2BC5	H2B clustered histone 5
102724334	4.13e-21	3.39e-22	0.164	-9.688028	-1.5885058	138.17	LOC102724334	histone H2B type F-S-like
23308	1.1e-11	1.56e-12	0.2241	-7.069028	-1.5845173	69.15	ICOSLG	inducible T cell costimulator ligand
23491	0.0149	0.00634	0.5796	-2.729574	-1.5820317	10.38	CES3	carboxylesterase 3
134	1.2000000000000002e-21	9.67e-23	0.1608	-9.815315	-1.5787129	145.63	ADORA1	adenosine A1 receptor
126567	2.83e-05	7.45e-06	0.3523	-4.480366	-1.5786022	27.7	C2CD4C	C2 calcium dependent domain containing 4C
23475	1.86e-97	2.04e-99	0.0746	-21.164171	-1.5785447	974.3	QPRT	quinolinate phosphoribosyltransferase
84251	7.47e-170	2.71e-172	0.0564	-27.981734	-1.5779056	2016.0	SGIP1	SH3GL interacting endocytic adaptor 1
440823	1.0399999999999998e-42	3.9500000000000003e-44	0.1132	-13.933726	-1.5777038	339.4	MIAT	myocardial infarction associated transcript
55024	1.07e-07	2.14e-08	0.281	-5.600675	-1.5740453	48.2	BANK1	B cell scaffold protein with ankyrin repeats 1
284348	0.000425	0.000133	0.4118	-3.820531	-1.5734619	20.4	LYPD5	LY6/PLAUR domain containing 5
5920	1.61e-09	2.7e-10	0.2472	-6.314878	-1.5607781	69.09	PLAAT4	phospholipase A and acyltransferase 4
54972	5.06e-123	3.79e-125	0.0654	-23.794695	-1.5568939	1555.09	TMEM132A	transmembrane protein 132A
101929202	3.23e-15	3.59e-16	0.1906	-8.151776	-1.5538777	103.97	MKX-AS1	MKX antisense RNA 1
114795	1.43e-36	6.47e-38	0.1207	-12.871993	-1.5537701	270.27	TMEM132B	transmembrane protein 132B
26049	6.13e-13	8.01e-14	0.2078	-7.470131	-1.5523527	81.23	FAM169A	family with sequence similarity 169 member A
2517	3.4799999999999997e-101	3.55e-103	0.0718	-21.568457	-1.5488895	1147.85	FUCA1	alpha-L-fucosidase 1
51296	1.09e-35	5.0400000000000005e-37	0.1218	-12.712535	-1.5486381	278.4	SLC15A3	solute carrier family 15 member 3
149175	2.37e-17	2.34e-18	0.1772	-8.739453	-1.5482525	114.53	MANEAL	mannosidase endo-alpha like
85236	3.34e-102	3.3499999999999995e-104	0.0712	-21.677435	-1.5438475	1125.89	H2BC12	H2B clustered histone 12
5100	3.57e-13	4.56e-14	0.2046	-7.543849	-1.5437802	81.78	PCDH8	protocadherin 8
286223	2.28e-13	2.88e-14	0.203	-7.603775	-1.5436077	108.67	C9orf47	replaced by ID 1903
441631	7.74e-17	7.81e-18	0.1794	-8.60237	-1.5430641	115.23	TSPAN11	tetraspanin 11
414194	0.0058	0.00223	0.5046	-3.057206	-1.5426813	13.27	CCNYL2	cyclin Y like 2 (pseudogene)
2	4.69e-13	6.08e-14	0.2051	-7.506279	-1.5397002	2050.87	A2M	alpha-2-macroglobulin
107987344	0.0386	0.0184	0.6523	-2.357041	-1.5375584	8.35	LOC107987344	
1193	0.0327	0.0153	0.6339	-2.425367	-1.5374948	8.9	CLIC2	chloride intracellular channel 2
112268122	0.0147	0.00628	0.5614	-2.732707	-1.5341162	10.95	LOC112268122	
144100	8e-06	1.97e-06	0.3225	-4.756647	-1.5339128	36.95	PLEKHA7	pleckstrin homology domain containing A7
553103	1.14e-12	1.52e-13	0.2075	-7.38548	-1.5326682	87.67	MIR3936HG	MIR3936 host gene
29944	1.97e-05	5.08e-06	0.336	-4.561656	-1.5326568	31.9	PNMA3	PNMA family member 3
105372321	0.00189	0.000662	0.4485	-3.404669	-1.526992	17.14	LOC105372321	uncharacterized LOC105372321
21	4.88e-50	1.52e-51	0.1006	-15.104268	-1.5195596	376.7	ABCA3	ATP binding cassette subfamily A member 3
1767	8.1e-35	3.86e-36	0.121	-12.552348	-1.5194355	333.24	DNAH5	dynein axonemal heavy chain 5
10350	1.04e-17	1e-18	0.1718	-8.835131	-1.5179567	133.95	ABCA9	ATP binding cassette subfamily A member 9
79056	4.66e-05	1.26e-05	0.3476	-4.366166	-1.5176573	30.13	PRRG4	proline rich and Gla domain 4
114897	1.27e-100	1.31e-102	0.0705	-21.508076	-1.5162457	1624.52	C1QTNF1	C1q and TNF related 1
3006	6.67e-76	1.1300000000000001e-77	0.0813	-18.65592	-1.5160666	615.74	H1-2	H1.2 linker histone, cluster member
5337	6.030000000000001e-47	2.0399999999999998e-48	0.1037	-14.621942	-1.515825	492.98	PLD1	phospholipase D1
9331	1.44e-18	1.33e-19	0.1673	-9.058035	-1.5156101	124.99	B4GALT6	beta-1,4-galactosyltransferase 6
767	0.0272	0.0124	0.605	-2.50038	-1.5127155	9.63	CA8	carbonic anhydrase 8
389641	0.0265	0.0121	0.6021	-2.510044	-1.511196	10.15	TNFRSF10A-DT	TNFRSF10A divergent transcript
30812	0.0296	0.0137	0.612	-2.465331	-1.5087806	9.03	SOX8	SRY-box transcription factor 8
100130522	0.0024	0.000856	0.4524	-3.334089	-1.5083376	16.59	PARD6G-AS1	PARD6G antisense RNA 1
2678	1.08e-09	1.76e-10	0.2359	-6.380538	-1.5053462	62.73	GGT1	gamma-glutamyltransferase 1
284486	0.00387	0.00144	0.4723	-3.18581	-1.5046827	14.91	THEM5	thioesterase superfamily member 5
100506124	2.14e-14	2.5e-15	0.1901	-7.913469	-1.504595	108.61	LOC100506124	uncharacterized LOC100506124
101929703	0.00743	0.00293	0.5058	-2.974571	-1.5045553	14.66	LOC101929703	uncharacterized LOC101929703
1848	1.15e-139	6.07e-142	0.0593	-25.365472	-1.5040564	1804.08	DUSP6	dual specificity phosphatase 6
7038	0.00283	0.00103	0.457	-3.283407	-1.5006088	16.31	TG	thyroglobulin
105374771	0.00406	0.00152	0.4731	-3.170679	-1.5000589	14.92	LGALSL-DT	LGALSL divergent transcript
2921	0.00126	0.000426	0.4252	-3.523344	-1.4980847	20.09	CXCL3	C-X-C motif chemokine ligand 3
105369848	9.21e-17	9.34e-18	0.1745	-8.581789	-1.4971983	118.74	LNCOG	lncRNA osteogenesis associated
105373490	7.27e-34	3.5600000000000003e-35	0.121	-12.375116	-1.4970462	254.5	LOC105373490	uncharacterized LOC105373490
121504	0.0229	0.0103	0.5829	-2.566134	-1.4958327	9.98	H4C16	H4 histone 16
148898	3.03e-13	3.85e-14	0.1969	-7.566089	-1.4894231	91.24	ZNF436-AS1	ZNF436 antisense RNA 1
85379	2.16e-09	3.67e-10	0.2372	-6.267627	-1.4865395	65.91	KIAA1671	KIAA1671
84552	1.44e-25	9.700000000000001e-27	0.1388	-10.704431	-1.4861963	205.78	PARD6G	par-6 family cell polarity regulator gamma
84612	0.00618	0.0024	0.4888	-3.035998	-1.4839167	14.3	PARD6B	par-6 family cell polarity regulator beta
140733	2.57e-20	2.17e-21	0.156	-9.49637	-1.4814124	166.44	MACROD2	mono-ADP ribosylhydrolase 2
145241	0.0366	0.0174	0.6227	-2.378703	-1.4812297	9.59	ADAM21P1	ADAM metallopeptidase domain 21 pseudogene 1
22875	2.96e-56	7.7e-58	0.0923	-16.031537	-1.4803152	456.62	ENPP4	ectonucleotide pyrophosphatase/phosphodiesterase 4
55890	0.00179	0.000625	0.4324	-3.420622	-1.4791807	17.88	GPRC5C	G protein-coupled receptor class C group 5 member C
10878	2.03e-05	5.27e-06	0.3247	-4.553904	-1.4784262	32.2	CFHR3	complement factor H related 3
81792	8.97e-30	5.1900000000000005e-31	0.1275	-11.580244	-1.4759686	3545.05	ADAMTS12	ADAM metallopeptidase with thrombospondin type 1 motif 12
55008	8.91e-29	5.33e-30	0.1297	-11.37883	-1.4752775	322.97	HERC6	HECT and RLD domain containing E3 ubiquitin protein ligase family member 6
7915	1.03e-17	9.95e-19	0.1667	-8.835718	-1.4727286	125.17	ALDH5A1	aldehyde dehydrogenase 5 family member A1
2150	4.08e-08	7.8e-09	0.2546	-5.772622	-1.4696198	55.18	F2RL1	F2R like trypsin receptor 1
8344	1.8e-06	4.09e-07	0.2898	-5.064526	-1.4674926	40.72	H2BC6	H2B clustered histone 6
23650	3.81e-05	1.02e-05	0.3323	-4.41325	-1.4665775	32.89	TRIM29	tripartite motif containing 29
56204	1.3499999999999999e-95	1.57e-97	0.0699	-20.958454	-1.4654612	1937.75	ATOSA	atos homolog A
8997	6.65e-49	2.14e-50	0.098	-14.9289	-1.4632869	540.93	KALRN	kalirin RhoGEF kinase
105373583	0.013	0.00546	0.525	-2.778838	-1.4589601	12.02	LOC105373583	uncharacterized LOC105373583
101928487	2.55e-06	5.92e-07	0.2919	-4.993859	-1.4578764	40.91	LOC101928487	uncharacterized LOC101928487
6526	4.53e-142	2.2900000000000002e-144	0.0569	-25.584182	-1.4559214	3750.07	SLC5A3	solute carrier family 5 member 3
53373	8.959999999999999e-126	6.25e-128	0.0605	-24.062005	-1.4554359	2609.05	TPCN1	two pore segment channel 1
105378828	0.00473	0.00179	0.4654	-3.122816	-1.4533548	16.81	CLCA4-AS1	CLCA4 antisense RNA 1
102723458	0.000304	9.31e-05	0.3718	-3.907793	-1.4530895	24.05	LOC102723458	uncharacterized LOC102723458
4985	0.0356	0.0169	0.6073	-2.389717	-1.4513811	9.05	OPRD1	opioid receptor delta 1
23025	7.1e-11	1.06e-11	0.2133	-6.798096	-1.4498303	78.89	UNC13A	unc-13 homolog A
106144526	0.0017	0.000589	0.4219	-3.436504	-1.4497825	18.67	PLA2G4C-AS1	PLA2G4C antisense RNA 1
8722	1.39e-133	8.26e-136	0.0584	-24.803282	-1.4490519	1585.84	CTSF	cathepsin F
102724246	0.000707	0.00023	0.3926	-3.683943	-1.4461689	22.13	TTC39C-AS1	TTC39C antisense RNA 1
23555	0.00343	0.00126	0.4484	-3.224235	-1.4456377	16.87	TSPAN15	tetraspanin 15
64135	2.0800000000000002e-29	1.22e-30	0.1256	-11.507016	-1.445588	247.91	IFIH1	interferon induced with helicase C domain 1
25907	9.069999999999999e-54	2.52e-55	0.0922	-15.667584	-1.4447655	729.05	TMEM158	transmembrane protein 158
10866	7.36e-10	1.19e-10	0.2243	-6.440762	-1.4444739	90.21	HCP5	HLA complex P5
642366	1.13e-05	2.82e-06	0.3081	-4.683164	-1.4430567	36.48	ISL1-DT	ISL1 divergent transcript
92979	7.1100000000000005e-22	5.689999999999999e-23	0.1461	-9.868724	-1.442194	164.78	MARCHF9	membrane associated ring-CH-type finger 9
105370003	0.000614	0.000198	0.3873	-3.721983	-1.4414933	23.73	LOC105370003	uncharacterized LOC105370003
5909	0.00243	0.00087	0.4317	-3.329643	-1.437433	18.42	RAP1GAP	RAP1 GTPase activating protein
408	5.78e-11	8.58e-12	0.2097	-6.828501	-1.4320843	483.23	ARRB1	arrestin beta 1
5618	2.94e-13	3.73e-14	0.1891	-7.570237	-1.431598	102.05	PRLR	prolactin receptor
143098	2.8e-22	2.2099999999999997e-23	0.1434	-9.963318	-1.4284429	184.7	MPP7	MAGUK p55 scaffold protein 7
51554	1.18e-24	8.35e-26	0.136	-10.503164	-1.4283575	3770.75	ACKR4	atypical chemokine receptor 4
136259	0.00241	0.000862	0.4281	-3.332139	-1.4266076	20.37	KLF14	KLF transcription factor 14
51513	9.05e-10	1.47e-10	0.2223	-6.407966	-1.4242413	71.9	ETV7	ETS variant transcription factor 7
25849	0.00728	0.00287	0.4772	-2.981473	-1.4226845	14.8	PARM1	prostate androgen-regulated mucin-like protein 1
9118	1.65e-49	5.22e-51	0.0947	-15.022686	-1.4222964	435.26	INA	internexin neuronal intermediate filament protein alpha
338758	5.62e-10	8.97e-11	0.2193	-6.483432	-1.4219119	74.68	ATP2B1-AS1	ATP2B1 antisense RNA 1
105379404	1.42e-05	3.61e-06	0.3067	-4.63267	-1.4206737	37.35	LOC105379404	uncharacterized LOC105379404
100129583	0.0113	0.00465	0.502	-2.830097	-1.4206298	14.13	FAM47E	family with sequence similarity 47 member E
729830	7.25e-08	1.42e-08	0.2505	-5.671016	-1.420386	55.28	FHIP1A	FHF complex subunit HOOK interacting protein 1A
101927901	0.00849	0.0034	0.4844	-2.92894	-1.4188409	15.51	LINC02421	long intergenic non-protein coding RNA 2421
56122	1.91e-13	2.4e-14	0.1856	-7.627198	-1.4156839	104.58	PCDHB14	protocadherin beta 14
199731	2.67e-12	3.63e-13	0.1946	-7.26872	-1.4144012	91.44	CADM4	cell adhesion molecule 4
105378481	0.0406	0.0195	0.6051	-2.335398	-1.4132168	9.32	DUSP5-DT	DUSP5 divergent transcript
6444	1.29e-24	9.14e-26	0.1346	-10.494633	-1.4129145	5479.58	SGCD	sarcoglycan delta
107984791	0.0161	0.00696	0.5234	-2.698777	-1.4125458	12.45	LOC107984791	uncharacterized LOC107984791
389432	2.3200000000000003e-73	4.1400000000000003e-75	0.077	-18.337675	-1.4121955	661.27	SAMD5	sterile alpha motif domain containing 5
51560	2.26e-17	2.23e-18	0.1613	-8.745166	-1.4110205	133.28	RAB6B	RAB6B, member RAS oncogene family
11096	5.1e-168	1.9099999999999997e-170	0.0506	-27.829488	-1.4085351	2471.58	ADAMTS5	ADAM metallopeptidase with thrombospondin type 1 motif 5
112268060	0.00397	0.00148	0.4432	-3.177795	-1.4083711	17.34	LOC112268060	uncharacterized LOC112268060
105376222	0.00101	0.000335	0.3925	-3.586884	-1.4080081	23.71	LOC105376222	uncharacterized LOC105376222
100631378	0.0313	0.0146	0.5756	-2.443341	-1.4064282	10.48	WDR87BP	WD repeat domain 87B, pseudogene
644168	0.0146	0.00621	0.5136	-2.73627	-1.4054839	12.39	DRGX	dorsal root ganglia homeobox
8912	0.00103	0.000342	0.3924	-3.581427	-1.4054514	21.75	CACNA1H	calcium voltage-gated channel subunit alpha1 H
2353	6.89e-09	1.22e-09	0.2311	-6.077082	-1.4042959	1543.85	FOS	Fos proto-oncogene, AP-1 transcription factor subunit
146760	0.000385	0.00012	0.3647	-3.846271	-1.4026141	26.19	RTN4RL1	reticulon 4 receptor like 1
105370532	0.0162	0.00699	0.5189	-2.697313	-1.3997484	13.35	LOC105370532	uncharacterized LOC105370532
8638	0.00861	0.00345	0.4782	-2.924278	-1.3982936	14.38	OASL	2'-5'-oligoadenylate synthetase like
340547	0.0161	0.00695	0.5179	-2.699181	-1.3979471	12.48	VSIG1	V-set and immunoglobulin domain containing 1
5858	2.03e-05	5.26e-06	0.3069	-4.554187	-1.3977946	37.74	PZP	PZP alpha-2-macroglobulin like
100101266	0.0181	0.0079	0.5244	-2.656259	-1.3929841	12.07	HAVCR1P1	hepatitis A virus cellular receptor 1 pseudogene 1
1745	0.00205	0.000723	0.4118	-3.380573	-1.3920721	19.84	DLX1	distal-less homeobox 1
306	5.01e-52	1.47e-53	0.0903	-15.407107	-1.3905407	672.08	ANXA3	annexin A3
55636	5.66e-08	1.1e-08	0.2431	-5.71458	-1.389004	57.11	CHD7	chromodomain helicase DNA binding protein 7
55799	8.79e-12	1.23e-12	0.1956	-7.101435	-1.388799	91.09	CACNA2D3	calcium voltage-gated channel auxiliary subunit alpha2delta 3
6583	6.120000000000001e-75	1.05e-76	0.0749	-18.536164	-1.3876454	922.43	SLC22A4	solute carrier family 22 member 4
80034	7.84e-13	1.03e-13	0.1865	-7.436879	-1.3872905	97.39	CSRNP3	cysteine and serine rich nuclear protein 3
134526	0.000304	9.3e-05	0.3546	-3.908247	-1.3857301	27.34	ACOT12	acyl-CoA thioesterase 12
105373411	0.00641	0.00249	0.4582	-3.024115	-1.385526	15.68	LOC105373411	uncharacterized LOC105373411
1513	1.03e-231	2.1e-234	0.0424	-32.690942	-1.3853793	7235.91	CTSK	cathepsin K
149111	1.68e-28	1.0100000000000001e-29	0.1224	-11.322631	-1.3853304	242.98	CNIH3	cornichon family AMPA receptor auxiliary protein 3
57643	2.21e-08	4.12e-09	0.2353	-5.87943	-1.383551	63.54	ZSWIM5	zinc finger SWIM-type containing 5
56123	2.15e-11	3.1e-12	0.1981	-6.973339	-1.3811844	88.15	PCDHB13	protocadherin beta 13
102723996	1.07e-06	2.37e-07	0.267	-5.167916	-1.3799364	49.11	LOC102723996	ICOS ligand
1837	1.67e-17	1.63e-18	0.1571	-8.780141	-1.379672	171.62	DTNA	dystrobrevin alpha
5971	7.29e-37	3.28e-38	0.1066	-12.924415	-1.3778366	475.26	RELB	RELB proto-oncogene, NF-kB subunit
374403	0.00337	0.00124	0.4264	-3.230131	-1.3774404	18.36	TBC1D10C	TBC1 domain family member 10C
23743	1.6000000000000002e-79	2.5399999999999997e-81	0.0721	-19.099776	-1.3773752	1071.83	BHMT2	betaine--homocysteine S-methyltransferase 2
103344932	0.00153	0.000527	0.397	-3.466494	-1.3762415	20.71	PGM5P4-AS1	PGM5P4 antisense RNA 1
65989	3.67e-20	3.1300000000000002e-21	0.1454	-9.458331	-1.3751128	180.37	DLK2	delta like non-canonical Notch ligand 2
259173	4.15e-65	8.869999999999999e-67	0.0796	-17.263425	-1.3741122	712.78	ALS2CL	ALS2 C-terminal like
7483	4.38e-11	6.46e-12	0.2	-6.869105	-1.3739326	95.96	WNT9A	Wnt family member 9A
112268236	0.0216	0.00961	0.5293	-2.589444	-1.3707178	11.94	LOC112268236	
5336	2e-06	4.59e-07	0.2717	-5.04267	-1.3700741	46.55	PLCG2	phospholipase C gamma 2
83694	2.57e-10	3.98e-11	0.2074	-6.604948	-1.3698971	81.37	RPS6KL1	ribosomal protein S6 kinase like 1
80760	7.2e-32	3.81e-33	0.1142	-11.994248	-1.3696054	3754.1	ITIH5	inter-alpha-trypsin inhibitor heavy chain 5
6004	0.0259	0.0117	0.5408	-2.519943	-1.3628961	11.41	RGS16	regulator of G protein signaling 16
733	0.034	0.016	0.564	-2.408914	-1.3586458	10.65	C8G	complement C8 gamma chain
10402	1.11e-06	2.46e-07	0.263	-5.160713	-1.3573357	52.33	ST3GAL6	ST3 beta-galactoside alpha-2,3-sialyltransferase 6
55332	1.1e-251	1.9299999999999998e-254	0.0398	-34.071862	-1.3560075	17799.39	DRAM1	DNA damage regulated autophagy modulator 1
105373954	0.00225	0.0008	0.4033	-3.352725	-1.3522796	20.35	LOC105373954	uncharacterized LOC105373954
80243	7.38e-26	4.94e-27	0.1256	-10.766817	-1.3522668	221.22	PREX2	phosphatidylinositol-3,4,5-trisphosphate dependent Rac exchange factor 2
3078	1.56e-14	1.81e-15	0.17	-7.953848	-1.3518381	115.85	CFHR1	complement factor H related 1
100506023	9.33e-09	1.68e-09	0.2243	-6.025974	-1.3515972	68.38	LOC100506023	uncharacterized LOC100506023
174	0.0423	0.0204	0.5824	-2.318302	-1.350121	9.79	AFP	alpha fetoprotein
100874366	0.00261	0.000939	0.4071	-3.308142	-1.3466321	20.19	HOXC13-AS	HOXC13 antisense RNA
6712	1.34e-09	2.22e-10	0.2121	-6.34559	-1.345653	76.51	SPTBN2	spectrin beta, non-erythrocytic 2
2294	1.0099999999999999e-46	3.4199999999999996e-48	0.0922	-14.586529	-1.3454608	442.9	FOXF1	forkhead box F1
107984128	0.0031	0.00113	0.4131	-3.256044	-1.3449165	19.42	LOC107984128	uncharacterized LOC107984128
3075	4.3700000000000005e-155	1.88e-157	0.0502	-26.734266	-1.3421397	2452.39	CFH	complement factor H
51313	2e-28	1.2100000000000001e-29	0.1186	-11.306885	-1.3405476	2450.85	GASK1B	golgi associated kinase 1B
27286	1.75e-112	1.49e-114	0.0589	-22.748212	-1.3396489	1405.11	SRPX2	sushi repeat containing protein X-linked 2
8353	0.00323	0.00118	0.4131	-3.242535	-1.3395598	19.56	H3C6	H3 clustered histone 6
105377742	0.0192	0.0084	0.5078	-2.635457	-1.3383056	13.67	LOC105377742	uncharacterized LOC105377742
8348	0.00832	0.00333	0.4551	-2.93581	-1.3359987	15.54	H2BC17	H2B clustered histone 17
135398	1.98e-10	3.04e-11	0.2008	-6.644852	-1.3345222	84.18	C6orf141	chromosome 6 open reading frame 141
3383	7.74e-107	7.3700000000000005e-109	0.0602	-22.165632	-1.3336943	3583.53	ICAM1	intercellular adhesion molecule 1
949	7.37e-102	7.44e-104	0.0616	-21.640682	-1.3334949	1360.18	SCARB1	scavenger receptor class B member 1
7006	7.63e-10	1.24e-10	0.2072	-6.434952	-1.3331421	77.78	TEC	tec protein tyrosine kinase
102723798	0.0333	0.0156	0.5509	-2.417855	-1.3319219	11.26	LOC102723798	uncharacterized LOC102723798
26470	2.1899999999999997e-82	3.28e-84	0.0685	-19.443922	-1.3316711	1029.71	SEZ6L2	seizure related 6 homolog like 2
112268279	0.00731	0.00288	0.4468	-2.980029	-1.3315016	16.21	LOC112268279	
85461	3.5800000000000006e-129	2.23e-131	0.0546	-24.389112	-1.3306391	1976.76	TANC1	tetratricopeptide repeat, ankyrin repeat and coiled-coil containing 1
106635544	1.15e-05	2.89e-06	0.2844	-4.678383	-1.3303591	41.29	SNORA109	small nucleolar RNA, H/ACA box 109
692247	0.00159	0.000551	0.3848	-3.454726	-1.3292987	22.57	LMNTD2-AS1	LMNTD2 antisense RNA 1
283659	5.17e-15	5.81e-16	0.1642	-8.093272	-1.3286546	128.13	PRTG	protogenin
101928216	0.000279	8.46e-05	0.3373	-3.930938	-1.3258377	29.3	LOC101928216	
102724081	0.011	0.00454	0.4665	-2.83791	-1.3238779	16.01	LOC102724081	uncharacterized LOC102724081
1438	0.00578	0.00223	0.4323	-3.058303	-1.3219571	20.11	CSF2RA	colony stimulating factor 2 receptor subunit alpha
283284	0.00647	0.00252	0.4367	-3.021248	-1.3193355	17.06	IGSF22	immunoglobulin superfamily member 22
26167	0.000581	0.000186	0.3528	-3.737291	-1.318565	26.37	PCDHB5	protocadherin beta 5
4794	2.0500000000000003e-27	1.2799999999999999e-28	0.1187	-11.098029	-1.3172267	265.57	NFKBIE	NFKB inhibitor epsilon
693199	0.00013	3.73e-05	0.3189	-4.123572	-1.3150905	32.05	MIR614	microRNA 614
107985014	0.0234	0.0105	0.5136	-2.558993	-1.314347	12.52	LOC107985014	uncharacterized LOC107985014
112267910	0.0258	0.0117	0.5209	-2.52045	-1.3129668	11.95	LOC112267910	NACHT, LRR and PYD domains-containing protein 10-like
3670	6.13e-13	8.01e-14	0.1757	-7.470134	-1.3128713	109.3	ISL1	ISL LIM homeobox 1
109729164	0.0185	0.00807	0.495	-2.649321	-1.3114745	13.66	LINC02234	long intergenic non-protein coding RNA 2234
9518	1.38e-86	1.8500000000000001e-88	0.0657	-19.939386	-1.3095513	1182.68	GDF15	growth differentiation factor 15
140685	4.75e-11	7e-12	0.1907	-6.857565	-1.3079559	95.56	ZBTB46	zinc finger and BTB domain containing 46
8804	9.040000000000001e-125	6.51e-127	0.0545	-23.964615	-1.3064752	1846.47	CREG1	cellular repressor of E1A stimulated genes 1
11279	7.9e-50	2.47e-51	0.0866	-15.072188	-1.3054134	502.27	KLF8	KLF transcription factor 8
157285	8.319999999999999e-128	5.33e-130	0.0538	-24.25887	-1.3051974	1894.15	PRAG1	PEAK1 related, kinase-activating pseudokinase 1
101927476	1.63e-06	3.7e-07	0.2567	-5.083814	-1.3051692	53.93	LOC101927476	uncharacterized LOC101927476
389834	2.45e-14	2.88e-15	0.1652	-7.895898	-1.3046353	121.06	LOC389834	ankyrin repeat domain 57 pseudogene
2192	3.7599999999999994e-197	1.05e-199	0.0432	-30.150837	-1.3037981	49008.65	FBLN1	fibulin 1
2700	0.000126	3.6e-05	0.3153	-4.131452	-1.3028478	33.29	GJA3	gap junction protein alpha 3
3357	3.15e-10	4.92e-11	0.1982	-6.573319	-1.302638	86.38	HTR2B	5-hydroxytryptamine receptor 2B
105369816	9.76e-07	2.15e-07	0.2505	-5.186182	-1.2992822	58.79	LOC105369816	uncharacterized LOC105369816
90246	1.68e-26	1.1000000000000001e-27	0.1191	-10.904454	-1.2989532	284.77	LOC90246	uncharacterized LOC90246
100216546	2.8300000000000004e-27	1.78e-28	0.1172	-11.068626	-1.2974313	367.55	LINC01004	long intergenic non-protein coding RNA 1004
19	2.35e-21	1.91e-22	0.1331	-9.746587	-1.2972987	1832.7	ABCA1	ATP binding cassette subfamily A member 1
83699	5.64e-14	6.82e-15	0.1665	-7.787707	-1.2966059	149.95	SH3BGRL2	SH3 domain binding glutamate rich protein like 2
3012	0.0486	0.0239	0.5728	-2.25952	-1.2942243	10.37	H2AC8	H2A clustered histone 8
23542	0.00542	0.00207	0.4196	-3.079576	-1.2922655	21.15	MAPK8IP2	mitogen-activated protein kinase 8 interacting protein 2
57447	0.00256	0.00092	0.3897	-3.31396	-1.2913659	23.88	NDRG2	NDRG family member 2
3321	7.74e-05	2.16e-05	0.3034	-4.247851	-1.2890097	35.27	IGSF3	immunoglobulin superfamily member 3
8747	0.000678	0.00022	0.3485	-3.695365	-1.2877318	27.23	ADAM21	ADAM metallopeptidase domain 21
121601	7.68e-51	2.3e-52	0.0845	-15.228132	-1.2860295	552.76	ANO4	anoctamin 4
4324	8.56e-30	4.9400000000000005e-31	0.111	-11.584491	-1.2857741	288.57	MMP15	matrix metallopeptidase 15
28577	3.63e-08	6.92e-09	0.2219	-5.792933	-1.285553	70.39	TRBV12-3	T cell receptor beta variable 12-3
101	2.98e-09	5.13e-10	0.2067	-6.214978	-1.2848951	75.91	ADAM8	ADAM metallopeptidase domain 8
28576	4.23e-14	5.07e-15	0.164	-7.825225	-1.2836314	134.98	TRBV12-4	T cell receptor beta variable 12-4
90342	0.00497	0.00189	0.4127	-3.10764	-1.2824492	19.12	FER1L5	fer-1 like family member 5
51778	4.91e-05	1.34e-05	0.2945	-4.353716	-1.2823379	41.14	MYOZ2	myozenin 2
57722	1.2699999999999999e-42	4.82e-44	0.0921	-13.919608	-1.2817679	434.23	IGDCC4	immunoglobulin superfamily DCC subclass member 4
2920	1.92e-05	4.96e-06	0.2804	-4.566618	-1.2805977	41.13	CXCL2	C-X-C motif chemokine ligand 2
27123	0.0307	0.0143	0.5226	-2.450208	-1.2803566	11.7	DKK2	dickkopf WNT signaling pathway inhibitor 2
340485	1.83e-16	1.88e-17	0.1506	-8.500716	-1.2798064	155.3	ACER2	alkaline ceramidase 2
79158	1.17e-165	4.579999999999999e-168	0.0463	-27.632081	-1.2788627	5505.41	GNPTAB	N-acetylglucosamine-1-phosphate transferase subunits alpha and beta
55314	7.27e-18	6.95e-19	0.1438	-8.875656	-1.2765133	190.34	TMEM144	transmembrane protein 144
57118	3.2e-18	3e-19	0.1422	-8.96858	-1.2751435	200.82	CAMK1D	calcium/calmodulin dependent protein kinase ID
639	5.07e-52	1.4899999999999999e-53	0.0827	-15.406254	-1.2743922	570.43	PRDM1	PR/SET domain 1
100133612	0.048	0.0235	0.562	-2.264748	-1.2728627	10.38	LINC01134	long intergenic non-protein coding RNA 1134
100127888	0.04	0.0192	0.5433	-2.341383	-1.2720035	10.95	SLCO4A1-AS1	SLCO4A1 antisense RNA 1
105374118	0.0312	0.0145	0.5205	-2.443937	-1.2719543	12.51	LOC105374118	uncharacterized LOC105374118
223117	1.15e-104	1.13e-106	0.058	-21.937833	-1.271712	1880.85	SEMA3D	semaphorin 3D
728537	7.82e-10	1.27e-10	0.1977	-6.431081	-1.2716464	89.5	C2orf92	chromosome 2 open reading frame 92
50507	8.72e-09	1.57e-09	0.2106	-6.03734	-1.2712057	86.38	NOX4	NADPH oxidase 4
9423	0.00135	0.000459	0.3617	-3.503568	-1.267322	25.76	NTN1	netrin 1
57463	6.51e-39	2.75e-40	0.0953	-13.287238	-1.2662807	452.78	AMIGO1	adhesion molecule with Ig like domain 1
102723817	5.69e-05	1.56e-05	0.2931	-4.32	-1.2660537	38.66	CNIH3-AS2	CNIH3 antisense RNA 2
9056	1.66e-17	1.62e-18	0.1439	-8.780883	-1.2639164	169.92	SLC7A7	solute carrier family 7 member 7
10347	1.8999999999999998e-24	1.36e-25	0.1208	-10.45721	-1.2631298	234.35	ABCA7	ATP binding cassette subfamily A member 7
3576	9.74e-14	1.2e-14	0.1635	-7.716203	-1.2618335	134.75	CXCL8	C-X-C motif chemokine ligand 8
151556	4.68e-49	1.5e-50	0.0844	-14.952625	-1.2615297	519.42	GPR155	G protein-coupled receptor 155
55244	1.47e-07	2.97e-08	0.2272	-5.543424	-1.259287	63.37	SLC47A1	solute carrier family 47 member 1
650	2.19e-08	4.08e-09	0.2141	-5.88082	-1.2591802	72.3	BMP2	bone morphogenetic protein 2
401474	2.32e-76	3.9e-78	0.0673	-18.712719	-1.2587896	1071.93	SAMD12	sterile alpha motif domain containing 12
83959	8.52e-26	5.7100000000000006e-27	0.117	-10.753447	-1.2577025	251.07	SLC4A11	solute carrier family 4 member 11
83851	2.3699999999999998e-23	1.7799999999999997e-24	0.1231	-10.210233	-1.2567951	249.52	SYT16	synaptotagmin 16
105377212	0.0104	0.00427	0.4388	-2.857375	-1.2538107	17.18	LOC105377212	uncharacterized LOC105377212
100628307	0.0413	0.0199	0.5382	-2.328686	-1.2533549	11.27	DIO2-AS1	DIO2 antisense RNA 1
11185	1.59e-08	2.93e-09	0.2111	-5.935687	-1.25311	83.19	INMT	indolethylamine N-methyltransferase
256714	5.64e-06	1.36e-06	0.2589	-4.831229	-1.2510044	52.77	MAP7D2	MAP7 domain containing 2
219539	0.000702	0.000228	0.3391	-3.68608	-1.2498842	30.84	YPEL4	yippee like 4
55959	7.28e-97	8.13e-99	0.0592	-21.098939	-1.2494047	2278.83	SULF2	sulfatase 2
407009	0.0435	0.0211	0.5411	-2.306992	-1.2482034	10.89	MIR224	microRNA 224
51222	4.7e-58	1.1800000000000001e-59	0.0766	-16.289176	-1.2478719	1096.24	ZNF219	zinc finger protein 219
105370114	0.0338	0.0159	0.5173	-2.41129	-1.2473204	13.08	LOC105370114	
1917	1.4200000000000001e-47	4.69e-49	0.0846	-14.721478	-1.2459045	613.62	EEF1A2	eukaryotic translation elongation factor 1 alpha 2
400604	0.0353	0.0167	0.5206	-2.393255	-1.245843	12.14	TOB1-AS1	TOB1 antisense RNA 1
124935	4.4e-19	3.94e-20	0.1353	-9.189567	-1.243621	191.19	SLC43A2	solute carrier family 43 member 2
92421	5.87e-07	1.27e-07	0.2354	-5.283842	-1.2435797	64.28	CHMP4C	charged multivesicular body protein 4C
63982	2.77e-29	1.63e-30	0.1082	-11.481718	-1.2419492	312.61	ANO3	anoctamin 3
133418	9.54e-14	1.17e-14	0.1609	-7.718962	-1.2416334	134.81	EMB	embigin
100506834	0.000385	0.00012	0.3225	-3.846446	-1.2404619	31.77	GAS1RR	GAS1 adjacent regulatory RNA
107985917	8.1e-18	7.77e-19	0.1399	-8.863263	-1.2398604	180.16	LOC107985917	
25830	0.000267	8.1e-05	0.3143	-3.941454	-1.2389433	33.33	SULT4A1	sulfotransferase family 4A member 1
282973	3.94e-05	1.06e-05	0.2809	-4.405487	-1.2372816	43.01	JAKMIP3	Janus kinase and microtubule interacting protein 3
3738	4.98e-20	4.27e-21	0.1312	-9.425669	-1.236525	215.81	KCNA3	potassium voltage-gated channel subfamily A member 3
375790	1.7e-229	3.56e-232	0.038	-32.533734	-1.2357959	8193.57	AGRN	agrin
8744	0.00327	0.0012	0.3814	-3.238591	-1.2350512	22.72	TNFSF9	TNF superfamily member 9
58494	3.01e-41	1.18e-42	0.0902	-13.68879	-1.2349857	629.27	JAM2	junctional adhesion molecule 2
112268022	0.00519	0.00198	0.3987	-3.093505	-1.2335206	21.11	LOC112268022	uncharacterized LOC112268022
8341	0.00538	0.00206	0.4002	-3.081639	-1.23325	20.24	H2BC15	H2B clustered histone 15
22996	0.0119	0.00497	0.4383	-2.809189	-1.2313905	17.02	TTC39A	tetratricopeptide repeat domain 39A
50632	0.0075	0.00296	0.4141	-2.971393	-1.2304694	20.65	CALY	calcyon neuron specific vesicular protein
107986569	0.0082	0.00327	0.4184	-2.940892	-1.2304057	18.81	LOC107986569	
283078	7.54e-201	1.9699999999999998e-203	0.0404	-30.433745	-1.2296073	4854.44	MKX	mohawk homeobox
102723775	0.00988	0.00402	0.4272	-2.876767	-1.2288342	18.67	LINC01315	long intergenic non-protein coding RNA 1315
79651	8.69e-53	2.4799999999999997e-54	0.0792	-15.521592	-1.2287195	604.86	RHBDF2	rhomboid 5 homolog 2
11145	8.38e-25	5.88e-26	0.1166	-10.53627	-1.2284307	310.53	PLAAT3	phospholipase A and acyltransferase 3
105371159	0.000176	5.18e-05	0.3033	-4.047323	-1.2276752	37.03	LOC105371159	uncharacterized LOC105371159
10417	7.86e-74	1.39e-75	0.0667	-18.396931	-1.2272126	1060.61	SPON2	spondin 2
101928140	1.85e-17	1.81e-18	0.1396	-8.768457	-1.2238952	170.51	PTPRK-AS1	PTPRK antisense RNA 1
135	0.000669	0.000217	0.3308	-3.698881	-1.2237462	30.81	ADORA2A	adenosine A2a receptor
388722	2.78e-07	5.81e-08	0.2251	-5.424606	-1.220989	68.0	C1orf53	chromosome 1 open reading frame 53
1950	5.95e-12	8.29e-13	0.1705	-7.156322	-1.2198392	114.74	EGF	epidermal growth factor
55137	8.08e-34	3.98e-35	0.0986	-12.366319	-1.2194663	428.17	FIGN	fidgetin, microtubule severing factor
54456	1e-17	9.66e-19	0.1379	-8.839015	-1.2192088	196.9	MOV10L1	Mov10 like RISC complex RNA helicase 1
5800	0.0106	0.00433	0.4274	-2.852863	-1.2191998	20.85	PTPRO	protein tyrosine phosphatase receptor type O
60680	0.0393	0.0188	0.5176	-2.348822	-1.2156777	12.03	CELF5	CUGBP Elav-like family member 5
51316	4.2e-11	6.18e-12	0.1767	-6.875483	-1.2150912	131.89	PLAC8	placenta associated 8
116071	9.55e-07	2.1e-07	0.2336	-5.190507	-1.2122946	62.57	BATF2	basic leucine zipper ATF-like transcription factor 2
105378929	0.000379	0.000118	0.3146	-3.850835	-1.211488	33.31	LOC105378929	uncharacterized LOC105378929
5918	3.11e-09	5.37e-10	0.1949	-6.207909	-1.2102309	127.1	RARRES1	retinoic acid receptor responder 1
101927604	0.0092	0.00372	0.4169	-2.901123	-1.2095644	19.73	LOC101927604	uncharacterized LOC101927604
144402	5.83e-10	9.32e-11	0.1866	-6.477562	-1.2090323	99.01	CPNE8	copine 8
10517	0.0329	0.0154	0.497	-2.42228	-1.2037791	13.2	FBXW10	F-box and WD repeat domain containing 10
56548	7.08e-30	4.06e-31	0.1038	-11.601174	-1.2036561	322.61	CHST7	carbohydrate sulfotransferase 7
64091	1.97e-07	4.05e-08	0.2193	-5.488762	-1.2035622	71.76	POPDC2	popeye domain containing 2
9588	3.7300000000000003e-222	8.05e-225	0.0376	-32.009483	-1.2032169	26050.29	PRDX6	peroxiredoxin 6
834	5.770000000000001e-35	2.7300000000000002e-36	0.0956	-12.579693	-1.2025261	409.73	CASP1	caspase 1
9732	1.05e-10	1.57e-11	0.1782	-6.740975	-1.2015297	105.75	DOCK4	dedicator of cytokinesis 4
10561	1.43e-25	9.630000000000001e-27	0.1121	-10.705139	-1.2005719	405.61	IFI44	interferon induced protein 44
644554	0.00665	0.0026	0.3985	-3.011837	-1.2002211	20.57	LOC644554	uncharacterized LOC644554
84649	0.000378	0.000117	0.3115	-3.851658	-1.1997329	32.79	DGAT2	diacylglycerol O-acyltransferase 2
6374	0.000649	0.00021	0.3235	-3.707135	-1.1994336	36.04	CXCL5	C-X-C motif chemokine ligand 5
107984862	0.00136	0.000465	0.3427	-3.499913	-1.1993128	28.69	LOC107984862	uncharacterized LOC107984862
4058	0.000137	3.97e-05	0.2917	-4.109301	-1.1984992	44.49	LTK	leukocyte receptor tyrosine kinase
27147	6.15e-07	1.33e-07	0.2271	-5.274891	-1.1977071	548.72	DENND2A	DENN domain containing 2A
101928483	0.0491	0.0241	0.5309	-2.255342	-1.1973709	11.6	NALT1	NOTCH1 associated lncRNA in T cell acute lymphoblastic leukemia 1
375791	0.0406	0.0195	0.5125	-2.336048	-1.1972969	12.46	CYSRT1	cysteine rich tail 1
105370000	0.0308	0.0143	0.4888	-2.449386	-1.1972641	13.59	TBX3-AS1	TBX3 antisense RNA 1
57554	0.00285	0.00103	0.3645	-3.281499	-1.1959907	26.46	LRRC7	leucine rich repeat containing 7
3134	3.2399999999999998e-46	1.12e-47	0.0824	-14.505306	-1.1959001	827.31	HLA-F	major histocompatibility complex, class I, F
2861	3.77e-13	4.84e-14	0.1586	-7.536179	-1.195514	135.89	GPR37	G protein-coupled receptor 37
9935	0.015	0.00639	0.4375	-2.727264	-1.1932187	18.96	MAFB	MAF bZIP transcription factor B
23732	0.00114	0.000381	0.335	-3.552988	-1.1902557	29.14	FRRS1L	ferric chelate reductase 1 like
166647	3.47e-90	4.39e-92	0.0585	-20.35276	-1.1897046	1469.09	ADGRA3	adhesion G protein-coupled receptor A3
3663	0.0227	0.0102	0.4628	-2.569718	-1.1891806	14.99	IRF5	interferon regulatory factor 5
51162	6.5499999999999995e-24	4.77e-25	0.115	-10.337442	-1.1891488	292.74	EGFL7	EGF like domain multiple 7
8564	2.14e-20	1.8100000000000002e-21	0.1249	-9.515658	-1.1883881	223.46	KMO	kynurenine 3-monooxygenase
5796	6.68e-199	1.78e-201	0.0392	-30.285494	-1.1870737	7046.51	PTPRK	protein tyrosine phosphatase receptor type K
80868	0.000191	5.68e-05	0.2946	-4.025874	-1.1858264	42.39	HCG4B	HLA complex group 4B
59277	7.44e-24	5.43e-25	0.1146	-10.324998	-1.1829589	13126.15	NTN4	netrin 4
132671	1.2399999999999999e-89	1.59e-91	0.0583	-20.289486	-1.182337	1436.32	SPATA18	spermatogenesis associated 18
6518	1.34e-05	3.38e-06	0.2541	-4.646027	-1.1805935	53.46	SLC2A5	solute carrier family 2 member 5
5097	0.000404	0.000126	0.3076	-3.834094	-1.1794658	33.83	PCDH1	protocadherin 1
5801	5.35e-05	1.46e-05	0.2721	-4.334123	-1.1793756	44.69	PTPRR	protein tyrosine phosphatase receptor type R
2352	1.37e-09	2.27e-10	0.1858	-6.341744	-1.1783157	95.26	FOLR3	folate receptor gamma
554313	2.28e-05	5.93e-06	0.2602	-4.528848	-1.1783143	46.88	H4C15	H4 clustered histone 15
26232	5.12e-08	9.9e-09	0.2055	-5.73241	-1.1780096	79.61	FBXO2	F-box protein 2
647121	0.00169	0.000587	0.3424	-3.43748	-1.176846	27.45	EMBP1	embigin pseudogene 1
8370	2.66e-05	7e-06	0.2618	-4.493548	-1.1765685	46.33	H4C14	H4 clustered histone 14
105376224	7.66e-05	2.13e-05	0.2767	-4.250345	-1.176086	44.89	LOC105376224	uncharacterized LOC105376224
58528	3.29e-05	8.74e-06	0.2636	-4.446219	-1.1718907	48.95	RRAGD	Ras related GTP binding D
440584	1.4e-05	3.55e-06	0.2523	-4.635887	-1.1694937	58.29	SLC2A1-DT	SLC2A1 divergent transcript
23596	6.23e-35	2.95e-36	0.093	-12.573549	-1.1691594	451.4	OPN3	opsin 3
100233156	4.05e-05	1.09e-05	0.2656	-4.399434	-1.1685426	45.31	LOC100233156	tektin 4 pseudogene
7022	7.380000000000001e-43	2.78e-44	0.0836	-13.958737	-1.1671168	583.0	TFAP2C	transcription factor AP-2 gamma
124540	1.9e-77	3.14e-79	0.0618	-18.846528	-1.1641807	1166.93	MSI2	musashi RNA binding protein 2
55512	0.000124	3.54e-05	0.2812	-4.135437	-1.1627598	42.24	SMPD3	sphingomyelin phosphodiesterase 3
285335	0.0133	0.00558	0.4194	-2.77141	-1.1622134	18.59	SLC9C1	solute carrier family 9 member C1
100289178	0.00181	0.000634	0.34	-3.416712	-1.1618064	30.31	GNG12-AS1	GNG12, DIRAS3 and WLS antisense RNA 1
399668	0.044	0.0213	0.5047	-2.302068	-1.1617455	12.89	SMIM10L2A	small integral membrane protein 10 like 2A
144110	6.24e-09	1.1e-09	0.1901	-6.093707	-1.1583778	107.51	TMEM86A	transmembrane protein 86A
3709	9.34e-62	2.17e-63	0.0687	-16.807072	-1.1542785	1021.5	ITPR2	inositol 1,4,5-trisphosphate receptor type 2
107986291	0.0417	0.0201	0.4955	-2.324797	-1.1520373	13.11	LOC107986291	
9348	0.0432	0.0209	0.4987	-2.309832	-1.1518854	13.4	NDST3	N-deacetylase and N-sulfotransferase 3
2743	3.1400000000000004e-43	1.17e-44	0.082	-14.020105	-1.1498812	644.21	GLRB	glycine receptor beta
3177	2.01e-09	3.41e-10	0.1831	-6.278771	-1.1497221	107.42	SLC29A2	solute carrier family 29 member 2
112268280	7.96e-06	1.96e-06	0.2416	-4.757831	-1.1493115	57.85	LOC112268280	
23057	3.9e-20	3.33e-21	0.1215	-9.451915	-1.1486886	231.55	NMNAT2	nicotinamide nucleotide adenylyltransferase 2
23037	0.00617	0.00239	0.378	-3.036867	-1.1480699	23.35	PDZD2	PDZ domain containing 2
79836	0.0403	0.0193	0.4896	-2.339101	-1.1452683	15.44	LONRF3	LON peptidase N-terminal domain and ring finger 3
100287387	9.95e-14	1.23e-14	0.1483	-7.713321	-1.1440068	880.47	LOC100287387	uncharacterized LOC100287387
101926926	3.38e-13	4.31e-14	0.1515	-7.55128	-1.1436734	184.82	RDH10-AS1	RDH10 antisense RNA 1
5273	0.0157	0.00675	0.4222	-2.709054	-1.1436338	17.64	SERPINB10	serpin family B member 10
145438	5.32e-12	7.4e-13	0.1594	-7.171852	-1.1431923	134.51	FRMD6-AS1	FRMD6 antisense RNA 1
105377342	0.0014	0.000476	0.3269	-3.493635	-1.1419327	33.09	TSPAN5-DT	TSPAN5 divergent transcript
105376577	4.58e-05	1.24e-05	0.2612	-4.37046	-1.1415395	50.85	LOC105376577	uncharacterized LOC105376577
57172	0.00128	0.000434	0.324	-3.518416	-1.139832	33.12	CAMK1G	calcium/calmodulin dependent protein kinase IG
5066	1.6100000000000001e-173	5.6599999999999994e-176	0.0403	-28.282573	-1.1391345	30701.25	PAM	peptidylglycine alpha-amidating monooxygenase
3786	1.89e-07	3.88e-08	0.2071	-5.49628	-1.1382251	78.87	KCNQ3	potassium voltage-gated channel subfamily Q member 3
10418	2.84e-39	1.18e-40	0.0852	-13.350201	-1.1376985	522.1	SPON1	spondin 1
119587	2.31e-61	5.39e-63	0.0677	-16.752906	-1.1343793	1322.45	CPXM2	carboxypeptidase X, M14 family member 2
51703	5.73e-10	9.15e-11	0.1748	-6.480408	-1.132861	113.27	ACSL5	acyl-CoA synthetase long chain family member 5
107984088	0.0374	0.0178	0.4779	-2.36969	-1.1325674	14.16	LOC107984088	uncharacterized LOC107984088
374786	0.000872	0.000287	0.3122	-3.626829	-1.132423	32.94	EFCAB5	EF-hand calcium binding domain 5
6480	6.19e-12	8.63e-13	0.1583	-7.15068	-1.1320465	135.54	ST6GAL1	ST6 beta-galactoside alpha-2,6-sialyltransferase 1
54532	5.71e-96	6.54e-98	0.0539	-21.000158	-1.1319553	25284.3	USP53	ubiquitin specific peptidase 53
79853	2.5e-06	5.79e-07	0.2264	-4.998011	-1.1315186	66.87	TM4SF20	transmembrane 4 L six family member 20
643382	0.00294	0.00107	0.3453	-3.272201	-1.1298338	26.69	TMEM253	transmembrane protein 253
55553	5.39e-11	7.99e-12	0.1652	-6.838798	-1.1297903	129.93	SOX6	SRY-box transcription factor 6
112268238	4.49e-10	7.1e-11	0.1733	-6.518596	-1.1296378	108.18	LOC112268238	replaced by ID 554313
140462	0.000181	5.35e-05	0.2794	-4.039901	-1.1287632	41.97	ASB9	ankyrin repeat and SOCS box containing 9
10891	0.00157	0.000542	0.3262	-3.4589	-1.128136	31.91	PPARGC1A	PPARG coactivator 1 alpha
10129	1.12e-98	1.21e-100	0.0528	-21.296936	-1.1234453	1989.55	FRY	FRY microtubule binding protein
91370	0.0179	0.00782	0.4224	-2.659767	-1.1233691	18.1	LIF-AS2	LIF antisense RNA 2
117177	1.75e-09	2.94e-10	0.1781	-6.301886	-1.1225352	101.93	RAB3IP	RAB3A interacting protein
64221	4.97e-41	1.9799999999999997e-42	0.0822	-13.651557	-1.122084	626.18	ROBO3	roundabout guidance receptor 3
101928504	0.0189	0.00826	0.4243	-2.641317	-1.1207952	18.63	GTF2A1-AS1	GTF2A1 antisense RNA 1
107987250	0.00109	0.000366	0.3144	-3.563558	-1.1202429	32.63	LOC107987250	
94241	8.79e-78	1.44e-79	0.0593	-18.887656	-1.1190957	1352.24	TP53INP1	tumor protein p53 inducible nuclear protein 1
257000	0.0493	0.0243	0.496	-2.252801	-1.1173079	14.22	TINCR	TINCR ubiquitin domain containing
3384	0.000217	6.5e-05	0.2796	-3.993914	-1.116869	41.2	ICAM2	intercellular adhesion molecule 2
105369435	0.000145	4.22e-05	0.2727	-4.094947	-1.1166675	42.48	LOC105369435	uncharacterized LOC105369435
441108	1.96e-05	5.06e-06	0.2444	-4.562225	-1.1150611	53.49	IRF1-AS1	IRF1 antisense RNA 1
100129726	0.0499	0.0246	0.4958	-2.247924	-1.1144117	13.5	LINC01126	long intergenic non-protein coding RNA 1126
128229	0.0263	0.012	0.4415	-2.513513	-1.1095957	16.68	TSACC	TSSK6 activating cochaperone
23401	6.61e-08	1.29e-08	0.1949	-5.68735	-1.1086974	89.08	FRAT2	FRAT regulator of WNT signaling pathway 2
100507156	1.15e-70	2.1700000000000002e-72	0.0616	-17.993966	-1.1086084	1236.22	LOC100507156	uncharacterized LOC100507156
10349	1.11e-08	2.02e-09	0.1848	-5.996461	-1.1083091	108.02	ABCA10	ATP binding cassette subfamily A member 10
7108	6.61e-12	9.24e-13	0.155	-7.141397	-1.1065923	156.52	TM7SF2	transmembrane 7 superfamily member 2
25837	0.00855	0.00343	0.3774	-2.926385	-1.1044813	22.12	RAB26	RAB26, member RAS oncogene family
79974	3.47e-107	3.2900000000000004e-109	0.0497	-22.201989	-1.1038183	2804.97	CPED1	cadherin like and PC-esterase domain containing 1
157506	6.0899999999999995e-139	3.24e-141	0.0436	-25.299378	-1.1028852	8082.21	RDH10	retinol dehydrogenase 10
112268047	0.000149	4.34e-05	0.2696	-4.088734	-1.1022357	45.15	LOC112268047	
8532	1.28e-09	2.11e-10	0.1729	-6.352857	-1.098302	1980.28	CPZ	carboxypeptidase Z
148113	0.00527	0.00202	0.355	-3.088002	-1.0962374	29.94	CILP2	cartilage intermediate layer protein 2
152926	8.68e-40	3.5399999999999997e-41	0.0815	-13.439772	-1.0958589	627.46	PPM1K	protein phosphatase, Mg2+/Mn2+ dependent 1K
5026	2.51e-11	3.63e-12	0.1576	-6.951075	-1.095814	139.78	P2RX5	purinergic receptor P2X 5
4600	3.2e-14	3.8e-15	0.1394	-7.861362	-1.0956841	233.99	MX2	MX dynamin like GTPase 2
9762	3.9499999999999996e-45	1.4e-46	0.0764	-14.331098	-1.0943057	666.15	LZTS3	leucine zipper tumor suppressor family member 3
6575	1.2799999999999999e-84	1.75e-86	0.0555	-19.710682	-1.0942419	5566.63	SLC20A2	solute carrier family 20 member 2
9144	1.01e-69	1.9700000000000002e-71	0.0612	-17.871486	-1.0932439	1397.7	SYNGR2	synaptogyrin 2
9636	1.49e-50	4.48e-52	0.072	-15.18451	-1.0925395	870.82	ISG15	ISG15 ubiquitin like modifier
8674	8.59e-59	2.1099999999999998e-60	0.0666	-16.393912	-1.091445	1494.75	VAMP4	vesicle associated membrane protein 4
221262	0.0329	0.0154	0.4505	-2.422212	-1.0912634	15.34	CCDC162P	coiled-coil domain containing 162, pseudogene
728730	2.28e-20	1.9300000000000003e-21	0.1147	-9.508984	-1.0905498	268.77	MAP4K3-DT	MAP4K3 divergent transcript
6688	0.0426	0.0206	0.4709	-2.315594	-1.0903972	14.57	SPI1	Spi-1 proto-oncogene
256691	9.08e-87	1.21e-88	0.0545	-19.960518	-1.0883465	1775.61	MAMDC2	MAM domain containing 2
106631781	0.0157	0.00673	0.4001	-2.709735	-1.0840393	2389.52	RNA18SN1	RNA, 18S ribosomal N1
6781	2.88e-10	4.49e-11	0.1643	-6.587088	-1.0823167	3231.97	STC1	stanniocalcin 1
404217	8.91e-13	1.18e-13	0.1458	-7.419461	-1.0820653	158.6	CTXN1	cortexin 1
105371849	1.08e-11	1.52e-12	0.1529	-7.072672	-1.0816163	147.46	HEATR6-DT	HEATR6 divergent transcript
5621	2.65e-168	9.75e-171	0.0388	-27.853564	-1.0813427	9793.49	PRNP	prion protein
26002	2.9600000000000002e-105	2.89e-107	0.0491	-21.999896	-1.0795481	13080.56	MOXD1	monooxygenase DBH like 1
101929127	0.0293	0.0135	0.4371	-2.469659	-1.0794751	16.32	PGM5P3-AS1	PGM5P3 antisense RNA 1
203111	3.73e-06	8.8e-07	0.2193	-4.916842	-1.0780973	74.02	ERICH5	glutamate rich 5
4549	6.019999999999999e-126	4.1299999999999995e-128	0.0448	-24.079162	-1.0777919	10590.2	RNR1	s-rRNA
2619	2.6e-16	2.7e-17	0.1273	-8.45886	-1.0771832	1511.41	GAS1	growth arrest specific 1
105376244	0.0479	0.0234	0.4752	-2.266156	-1.0769851	14.3	LOC105376244	uncharacterized LOC105376244
107985285	0.0187	0.00819	0.4066	-2.643964	-1.0750668	19.34	LOC107985285	uncharacterized LOC107985285
105369748	0.00647	0.00252	0.3555	-3.021073	-1.0739938	28.26	RPAP3-DT	RPAP3 divergent transcript
162282	0.0126	0.00527	0.3846	-2.790229	-1.0730751	21.81	ANKFN1	ankyrin repeat and fibronectin type III domain containing 1
100008588	0.015	0.00641	0.3936	-2.726193	-1.0730692	2378.91	RNA18SN5	RNA, 18S ribosomal N5
130576	3.29e-07	6.92e-08	0.1989	-5.393298	-1.0724758	82.37	LYPD6B	LY6/PLAUR domain containing 6B
9127	7.65e-06	1.87e-06	0.2249	-4.766543	-1.0720808	66.32	P2RX6	purinergic receptor P2X 6
80210	1.8e-81	2.76e-83	0.0554	-19.334411	-1.0711128	5366.36	ARMC9	armadillo repeat containing 9
9060	2.45e-114	2.0100000000000001e-116	0.0467	-22.936425	-1.0709718	20030.83	PAPSS2	3'-phosphoadenosine 5'-phosphosulfate synthase 2
94032	0.00443	0.00167	0.3406	-3.143528	-1.0707694	26.76	CAMK2N2	calcium/calmodulin dependent protein kinase II inhibitor 2
9053	6.54e-08	1.28e-08	0.1882	-5.689338	-1.0706717	95.74	MAP7	microtubule associated protein 7
23586	2.0599999999999997e-40	8.3e-42	0.079	-13.546569	-1.0702067	733.75	RIGI	RNA sensor RIG-I
129881	0.0238	0.0107	0.4191	-2.552405	-1.0696375	22.42	CFAP210	cilia and flagella associated protein 210
100132111	9.91e-07	2.18e-07	0.2063	-5.183045	-1.0692881	78.24	C2CD4D-AS1	C2CD4D and THEM5 antisense RNA 1
51363	4.57e-52	1.33e-53	0.0692	-15.413254	-1.0668747	1501.2	CHST15	carbohydrate sulfotransferase 15
1000	3.3800000000000003e-21	2.7600000000000002e-22	0.1099	-9.709142	-1.0668115	11207.21	CDH2	cadherin 2
1191	3.35e-50	1.03e-51	0.0704	-15.129492	-1.0649696	1244.84	CLU	clusterin
388403	8.25e-28	5.06e-29	0.0949	-11.180834	-1.0612395	406.6	YPEL2	yippee like 2
105370068	0.00579	0.00223	0.3469	-3.057709	-1.0606649	26.5	LOC105370068	uncharacterized LOC105370068
1439	0.0154	0.00661	0.39	-2.715735	-1.059109	20.84	CSF2RB	colony stimulating factor 2 receptor subunit beta
644634	0.0462	0.0225	0.4642	-2.281358	-1.0590957	14.64	LOC644634	uncharacterized LOC644634
624	2.28e-47	7.59e-49	0.072	-14.688948	-1.0569495	1674.13	BDKRB2	bradykinin receptor B2
109864280	0.0199	0.00875	0.4031	-2.621606	-1.0566777	2604.63	RNA18SN2	RNA, 18S ribosomal N2
57484	1.04e-102	1.04e-104	0.0486	-21.731151	-1.0560642	2684.7	RNF150	ring finger protein 150
4258	8.1e-18	7.77e-19	0.1191	-8.863326	-1.0559801	251.44	MGST2	microsomal glutathione S-transferase 2
6653	1.2e-13	1.49e-14	0.1373	-7.688735	-1.055761	181.87	SORL1	sortilin related receptor 1
11080	3.73e-138	2.03e-140	0.0418	-25.226955	-1.0545943	5519.71	DNAJB4	DnaJ heat shock protein family (Hsp40) member B4
4017	3.6200000000000006e-163	1.4599999999999998e-165	0.0384	-27.423014	-1.0543015	47260.14	LOXL2	lysyl oxidase like 2
26575	2.07e-06	4.77e-07	0.2094	-5.035465	-1.0541843	75.09	RGS17	regulator of G protein signaling 17
54749	4.339999999999999e-89	5.64e-91	0.0521	-20.227236	-1.0536501	2879.0	EPDR1	ependymin related 1
103091866	1.65e-07	3.37e-08	0.1902	-5.520921	-1.0502541	93.58	LINC01145	long intergenic non-protein coding RNA 1145
29948	5.71e-10	9.12e-11	0.162	-6.480913	-1.0498292	122.17	OSGIN1	oxidative stress induced growth inhibitor 1
390	9.159999999999999e-168	3.4799999999999995e-170	0.0377	-27.807908	-1.0480965	26073.99	RND3	Rho family GTPase 3
5293	2.87e-77	4.7700000000000003e-79	0.0556	-18.824397	-1.0473451	1788.12	PIK3CD	phosphatidylinositol-4,5-bisphosphate 3-kinase catalytic subunit delta
978	4.11e-18	3.89e-19	0.1171	-8.940184	-1.0471274	255.3	CDA	cytidine deaminase
768206	0.000175	5.15e-05	0.2585	-4.048762	-1.0468016	46.98	PRCD	photoreceptor disc component
6304	3.05e-43	1.14e-44	0.0746	-14.02235	-1.0457653	817.47	SATB1	SATB homeobox 1
109864273	0.0198	0.00873	0.3984	-2.622555	-1.0447843	2608.89	RNA18SN4	RNA, 18S pre-ribosomal N4
101929130	9.57e-15	1.09e-15	0.1302	-8.015955	-1.0433855	202.04	LOC101929130	uncharacterized LOC101929130
23467	8.91e-36	4.11e-37	0.0819	-12.7285	-1.0429878	589.5	NPTXR	neuronal pentraxin receptor
56911	7.62e-14	9.31e-15	0.1343	-7.748303	-1.0409232	210.3	MAP3K7CL	MAP3K7 C-terminal like
109910380	0.0204	0.00902	0.3986	-2.611272	-1.0408945	2609.71	RNA18SN3	RNA, 18S ribosomal N3
64078	2.55e-05	6.69e-06	0.2309	-4.503239	-1.0398868	64.12	SLC28A3	solute carrier family 28 member 3
107986119	4.12e-05	1.11e-05	0.2366	-4.395281	-1.0397367	56.76	GSK3B-DT	GSK3B divergent transcript
57089	6.99e-80	1.1e-81	0.0543	-19.143428	-1.0392455	1865.96	ENTPD7	ectonucleoside triphosphate diphosphohydrolase 7
338817	1.69e-05	4.34e-06	0.2261	-4.594608	-1.0388894	61.96	LINC01252	long intergenic non-protein coding RNA 1252
50484	4.58e-97	5.09e-99	0.0492	-21.121123	-1.0383843	2754.72	RRM2B	ribonucleotide reductase regulatory TP53 inducible subunit M2B
357	3.25e-07	6.83e-08	0.1924	-5.395647	-1.0378961	86.52	SHROOM2	shroom family member 2
11033	1.1e-09	1.8e-10	0.1627	-6.377423	-1.0375687	166.87	ADAP1	ArfGAP with dual PH domains 1
100113384	0.0152	0.00652	0.3807	-2.72055	-1.0356975	23.27	SNORD123	small nucleolar RNA, C/D box 123
3909	8.19e-16	8.74e-17	0.1242	-8.32072	-1.0334991	2266.79	LAMA3	laminin subunit alpha 3
1030	8.04e-19	7.29e-20	0.113	-9.123227	-1.0308242	271.48	CDKN2B	cyclin dependent kinase inhibitor 2B
118491	0.000145	4.21e-05	0.2515	-4.095419	-1.0298549	53.85	CFAP70	cilia and flagella associated protein 70
53358	5.54e-25	3.86e-26	0.0972	-10.57581	-1.0276903	372.94	SHC3	SHC adaptor protein 3
107986206	0.0213	0.00947	0.3954	-2.594571	-1.0258852	22.2	LRP2BP-AS1	LRP2BP antisense RNA 1
100289230	0.00581	0.00224	0.3356	-3.056178	-1.0255495	27.82	LOC100289230	uncharacterized LOC100289230
3082	0.000137	3.97e-05	0.2495	-4.10916	-1.0251901	51.92	HGF	hepatocyte growth factor
84101	4.64e-13	6.01e-14	0.1364	-7.507875	-1.024203	194.91	USP44	ubiquitin specific peptidase 44
163255	0.000211	6.3e-05	0.2558	-4.001098	-1.0235823	49.98	ZNF540	zinc finger protein 540
56130	0.0168	0.00728	0.3809	-2.683915	-1.022425	22.48	PCDHB6	protocadherin beta 6
157638	5.05e-07	1.08e-07	0.1924	-5.312615	-1.0223867	95.16	LRATD2	LRAT domain containing 2
107985976	2.9e-06	6.76e-07	0.2058	-4.968061	-1.0223576	88.93	LOC107985976	
645638	1.63e-41	6.36e-43	0.0744	-13.73388	-1.0222847	702.26	WFDC21P	WAP four-disulfide core domain 21, pseudogene
5774	6.52e-16	6.92e-17	0.1222	-8.348405	-1.0202408	271.93	PTPN3	protein tyrosine phosphatase non-receptor type 3
84837	0.000193	5.74e-05	0.2535	-4.023164	-1.0197725	49.63	ARHGAP5-AS1	ARHGAP5 antisense RNA 1 (head to head)
6330	0.000247	7.46e-05	0.2574	-3.961071	-1.0194816	47.49	SCN4B	sodium voltage-gated channel beta subunit 4
652	2.8400000000000003e-27	1.79e-28	0.092	-11.068243	-1.0185766	609.85	BMP4	bone morphogenetic protein 4
107984960	0.000967	0.000321	0.2825	-3.59796	-1.0164246	38.96	LOC107984960	uncharacterized LOC107984960
107984387	5.22e-05	1.43e-05	0.2339	-4.339882	-1.0151978	59.56	LOC107984387	
2868	0.0081	0.00323	0.3441	-2.945273	-1.0134706	27.45	GRK4	G protein-coupled receptor kinase 4
5915	4.44e-10	7.01e-11	0.1554	-6.520356	-1.0129841	155.26	RARB	retinoic acid receptor beta
100532742	7.04e-07	1.53e-07	0.1929	-5.249205	-1.0124879	85.26	PIR-FIGF	PIR-FIGF readthrough
55065	0.0494	0.0243	0.4495	-2.252028	-1.0123831	16.45	SLC52A1	solute carrier family 52 member 1
100128071	0.0364	0.0173	0.4251	-2.381117	-1.0122716	17.67	FAM229A	family with sequence similarity 229 member A
101927789	1.03e-08	1.86e-09	0.1684	-6.009988	-1.0121978	135.14	FAUP4	FAU pseudogene 4
7068	7.11e-17	7.16e-18	0.1174	-8.612346	-1.0113322	349.58	THRB	thyroid hormone receptor beta
80705	0.0019	0.000665	0.2969	-3.403533	-1.0104612	41.17	TSGA10	testis specific 10
105373716	0.00172	0.0006	0.2939	-3.431716	-1.0085769	39.68	LOC105373716	uncharacterized LOC105373716
321	9.22e-35	4.41e-36	0.0804	-12.541772	-1.008357	568.35	APBA2	amyloid beta precursor protein binding family A member 2
9052	1.0399999999999999e-128	6.53e-131	0.0414	-24.345137	-1.0081501	7659.11	GPRC5A	G protein-coupled receptor class C group 5 member A
3209	2.53e-60	6.05e-62	0.0606	-16.608515	-1.00661	1232.98	HOXA13	homeobox A13
728215	1.38e-07	2.79e-08	0.1811	-5.553876	-1.0059563	105.34	NALF1	NALCN channel auxiliary factor 1
414236	1.12e-31	5.9500000000000004e-33	0.084	-11.957194	-1.0039185	525.17	C10orf55	chromosome 10 putative open reading frame 55
91947	7.46e-87	9.939999999999999e-89	0.0502	-19.970502	-1.0033853	3875.58	ARRDC4	arrestin domain containing 4
54858	9.490000000000001e-73	1.71e-74	0.0549	-18.260526	-1.0023548	1498.44	PGPEP1	pyroglutamyl-peptidase I
10060	9.249999999999999e-48	3.04e-49	0.0679	-14.750864	-1.0021293	928.07	ABCC9	ATP binding cassette subfamily C member 9
22925	2.94e-57	7.460000000000001e-59	0.0619	-16.175873	-1.0017205	2074.95	PLA2R1	phospholipase A2 receptor 1
440689	0.000366	0.000113	0.2595	-3.860025	-1.0015193	48.21	H2BC18	H2B clustered histone 18
167681	6.22e-05	1.71e-05	0.2329	-4.299782	-1.0014301	59.45	PRSS35	serine protease 35
131583	1.71e-33	8.56e-35	0.0813	-12.304542	-1.000232	1179.21	FAM43A	family with sequence similarity 43 member A
