Gene	Pathway_count	Pathways	log2FoldChange	padj	baseMean	Description	abs_log2FoldChange
H2BC8	4	Cellular Senescence | DNA Damage/Telomere Stress Induced Senescence | Oxidative Stress Induced Senescence | Senescence-Associated Secretory Phenotype (SASP)	-2.6433204	1.15e-09	25.64	H2B clustered histone 8	2.6433204
H4C8	4	Cellular Senescence | DNA Damage/Telomere Stress Induced Senescence | Oxidative Stress Induced Senescence | Senescence-Associated Secretory Phenotype (SASP)	-2.4744182	4e-16	49.49	H4 clustered histone 8	2.4744182
H2AC19	4	Cellular Senescence | DNA Damage/Telomere Stress Induced Senescence | Oxidative Stress Induced Senescence | Senescence-Associated Secretory Phenotype (SASP)	-2.324769	8.06e-55	203.46	H2A clustered histone 19	2.324769
H4C5	4	Cellular Senescence | DNA Damage/Telomere Stress Induced Senescence | Oxidative Stress Induced Senescence | Senescence-Associated Secretory Phenotype (SASP)	-2.0546892	0.00413	8.98	H4 clustered histone 5	2.0546892
H2BC21	4	Cellular Senescence | DNA Damage/Telomere Stress Induced Senescence | Oxidative Stress Induced Senescence | Senescence-Associated Secretory Phenotype (SASP)	-2.0470283	6.739999999999999e-95	547.29	H2B clustered histone 21	2.0470283
H2AC6	4	Cellular Senescence | DNA Damage/Telomere Stress Induced Senescence | Oxidative Stress Induced Senescence | Senescence-Associated Secretory Phenotype (SASP)	-2.0431376	3.42e-85	453.88	H2A clustered histone 6	2.0431376
H2BC11	4	Cellular Senescence | DNA Damage/Telomere Stress Induced Senescence | Oxidative Stress Induced Senescence | Senescence-Associated Secretory Phenotype (SASP)	-1.8598769	1.53e-08	38.32	H2B clustered histone 11	1.8598769
H2AC20	4	Cellular Senescence | DNA Damage/Telomere Stress Induced Senescence | Oxidative Stress Induced Senescence | Senescence-Associated Secretory Phenotype (SASP)	-1.808133	7.79e-09	41.08	H2A clustered histone 20	1.808133
H3C4	4	Cellular Senescence | Cytokine Signaling in Immune system | Oxidative Stress Induced Senescence | Senescence-Associated Secretory Phenotype (SASP)	-1.8063203	3.31e-05	21.66	H3 clustered histone 4	1.8063203
H3C10	4	Cellular Senescence | Cytokine Signaling in Immune system | Oxidative Stress Induced Senescence | Senescence-Associated Secretory Phenotype (SASP)	-1.7848891	0.000454	16.35	H3 clustered histone 10	1.7848891
H2BC12L	4	Cellular Senescence | DNA Damage/Telomere Stress Induced Senescence | Oxidative Stress Induced Senescence | Senescence-Associated Secretory Phenotype (SASP)	-1.5895971	6.670000000000001e-21	136.49	H2B clustered histone 12 like	1.5895971
H2BC5	4	Cellular Senescence | DNA Damage/Telomere Stress Induced Senescence | Oxidative Stress Induced Senescence | Senescence-Associated Secretory Phenotype (SASP)	-1.5892267	9.49e-31	226.71	H2B clustered histone 5	1.5892267
H2BC12	4	Cellular Senescence | DNA Damage/Telomere Stress Induced Senescence | Oxidative Stress Induced Senescence | Senescence-Associated Secretory Phenotype (SASP)	-1.5438475	3.34e-102	1125.89	H2B clustered histone 12	1.5438475
H4C16	4	Cellular Senescence | DNA Damage/Telomere Stress Induced Senescence | Oxidative Stress Induced Senescence | Senescence-Associated Secretory Phenotype (SASP)	-1.4958327	0.0229	9.98	H4 histone 16	1.4958327
FOS	4	Cellular Senescence | Cytokine Signaling in Immune system | Oxidative Stress Induced Senescence | Senescence-Associated Secretory Phenotype (SASP)	-1.4042959	6.89e-09	1543.85	Fos proto-oncogene, AP-1 transcription factor subunit	1.4042959
H3C6	4	Cellular Senescence | Cytokine Signaling in Immune system | Oxidative Stress Induced Senescence | Senescence-Associated Secretory Phenotype (SASP)	-1.3395598	0.00323	19.56	H3 clustered histone 6	1.3395598
H2BC17	4	Cellular Senescence | DNA Damage/Telomere Stress Induced Senescence | Oxidative Stress Induced Senescence | Senescence-Associated Secretory Phenotype (SASP)	-1.3359987	0.00832	15.54	H2B clustered histone 17	1.3359987
H2AC8	4	Cellular Senescence | DNA Damage/Telomere Stress Induced Senescence | Oxidative Stress Induced Senescence | Senescence-Associated Secretory Phenotype (SASP)	-1.2942243	0.0486	10.37	H2A clustered histone 8	1.2942243
H2BC15	4	Cellular Senescence | DNA Damage/Telomere Stress Induced Senescence | Oxidative Stress Induced Senescence | Senescence-Associated Secretory Phenotype (SASP)	-1.23325	0.00538	20.24	H2B clustered histone 15	1.23325
H4C15	4	Cellular Senescence | DNA Damage/Telomere Stress Induced Senescence | Oxidative Stress Induced Senescence | Senescence-Associated Secretory Phenotype (SASP)	-1.1783143	2.28e-05	46.88	H4 clustered histone 15	1.1783143
H4C14	4	Cellular Senescence | DNA Damage/Telomere Stress Induced Senescence | Oxidative Stress Induced Senescence | Senescence-Associated Secretory Phenotype (SASP)	-1.1765685	2.66e-05	46.33	H4 clustered histone 14	1.1765685
IL1A	3	Cellular Senescence | Cytokine Signaling in Immune system | Senescence-Associated Secretory Phenotype (SASP)	-4.2316193	7.59e-39	85.24	interleukin 1 alpha	4.2316193
CXCL8	3	Cellular Senescence | Cytokine Signaling in Immune system | Senescence-Associated Secretory Phenotype (SASP)	-1.2618335	9.74e-14	134.75	C-X-C motif chemokine ligand 8	1.2618335
CDKN2B	3	Cellular Senescence | Oxidative Stress Induced Senescence | Senescence-Associated Secretory Phenotype (SASP)	-1.0308242	8.04e-19	271.48	cyclin dependent kinase inhibitor 2B	1.0308242
H1-2	2	Cellular Senescence | DNA Damage/Telomere Stress Induced Senescence	-1.5160666	6.67e-76	615.74	H1.2 linker histone, cluster member	1.5160666
ICAM1	2	Cytokine Signaling in Immune system | Extracellular matrix organization	-1.3336943	7.74e-107	3583.53	intercellular adhesion molecule 1	1.3336943
